CustomerID,TotalPrice
14646.0,279489.02
18102.0,256438.49
17450.0,187482.17
14911.0,132572.62
12415.0,123725.45
14156.0,113384.14
17511.0,88125.38
16684.0,65892.08
13694.0,62653.1
15311.0,59419.340000000004
13089.0,57385.88
14096.0,57120.909999999996
15061.0,54228.74
17949.0,52750.84
15769.0,51823.72
16029.0,50992.61
14298.0,50862.44
14088.0,50415.49
17841.0,40340.78
13798.0,36351.42
16422.0,33805.69
12931.0,33462.81
16013.0,33366.25
15838.0,33350.76
17389.0,31300.079999999998
17404.0,30300.82
12748.0,29072.1
13098.0,28658.88
13081.0,27964.48
13408.0,27487.41
14680.0,26932.34
17857.0,26763.34
16333.0,26626.8
13777.0,25748.350000000002
15749.0,21535.9
16210.0,21086.3
12753.0,21024.01
17381.0,20272.43
17675.0,20098.1
15039.0,19786.44
12731.0,18793.41
12471.0,18740.92
15159.0,18573.68
12678.0,17588.26
17428.0,17078.45
13881.0,16989.52
13767.0,16945.71
12921.0,16389.74
12901.0,16293.1
17677.0,16219.22
15856.0,16173.67
15189.0,15802.14
14051.0,15477.34
16839.0,15357.78
14031.0,14634.640000000001
15513.0,14520.08
16133.0,14305.66
14866.0,14197.45
16705.0,13946.130000000001
12681.0,13677.59
12621.0,13612.07
12433.0,13375.87
12540.0,13309.039999999999
12477.0,13117.01
17735.0,13110.02
14258.0,12650.08
15640.0,12433.34
13078.0,12432.28
15498.0,12396.46
16000.0,12393.7
12682.0,12288.22
12557.0,11990.960000000001
16525.0,11895.57
17340.0,11891.18
14606.0,11713.85
12939.0,11581.8
14607.0,11341.1
14194.0,11216.75
15125.0,11117.05
12409.0,11056.93
14895.0,11020.26
12971.0,10930.26
13340.0,10736.48
17581.0,10736.11
13319.0,10664.34
14769.0,10641.6
17139.0,10585.57
13113.0,10510.0
14062.0,10464.85
16779.0,10454.05
17107.0,10380.43
15615.0,10360.04
15251.0,10327.11
16180.0,10217.48
16843.0,10183.82
17865.0,10158.54
17706.0,10097.37
12590.0,9861.38
13199.0,9803.96
13001.0,9797.92
15078.0,9623.35
13458.0,9537.92
14733.0,9451.54
16523.0,9295.67
12709.0,9294.1
14667.0,9231.2
14367.0,9167.82
12744.0,9120.39
12567.0,9114.94
18092.0,9065.76
13969.0,8986.69
12451.0,8933.52
13488.0,8910.61
16033.0,8727.61
13090.0,8689.39
17243.0,8628.55
17306.0,8600.73
17017.0,8574.11
16656.0,8568.24
18139.0,8393.22
16558.0,8257.04
15358.0,8234.8
12683.0,8221.09
14056.0,8124.4
14936.0,8117.42
16672.0,8093.59
13854.0,8025.0199999999995
18109.0,7925.32
14952.0,7912.79
14849.0,7904.28
12428.0,7877.2
14796.0,7839.51
12435.0,7829.89
15290.0,7803.7699999999995
13629.0,7792.36
13093.0,7741.47
14527.0,7711.38
17811.0,7677.71
15044.0,7629.38
15194.0,7521.17
18172.0,7490.17
13263.0,7454.07
17396.0,7330.8
18229.0,7276.900000000001
13018.0,7272.75
12583.0,7187.34
16745.0,7170.7
12474.0,7116.47
12980.0,7092.06
16729.0,7076.28
13324.0,7072.8
16873.0,7066.31
13985.0,7024.53
14961.0,7006.58
12766.0,6989.63
12798.0,6977.04
15465.0,6945.0199999999995
13027.0,6912.0
12989.0,6854.51
16187.0,6841.24
16713.0,6840.2300000000005
17416.0,6838.34
12705.0,6814.24
15023.0,6763.16
18055.0,6752.14
16532.0,6748.8
12830.0,6748.4
15601.0,6745.36
13576.0,6703.3
16746.0,6694.31
16353.0,6675.71
16923.0,6666.83
15249.0,6657.36
16652.0,6654.26
16182.0,6617.65
17338.0,6612.18
15482.0,6568.72
12476.0,6546.58
15144.0,6530.04
16814.0,6500.6
15694.0,6423.6
12431.0,6416.39
13871.0,6389.8
12626.0,6388.35
13102.0,6336.29
18223.0,6315.2300000000005
16126.0,6287.77
13709.0,6249.110000000001
12359.0,6245.53
12472.0,6229.48
13668.0,6216.07
12357.0,6207.67
17315.0,6204.46
15005.0,6180.49
14057.0,6147.4
14060.0,6135.38
15939.0,6102.26
17509.0,6100.74
13225.0,6083.04
14101.0,5976.79
12637.0,5953.25
15382.0,5927.86
13097.0,5893.32
13418.0,5845.44
14944.0,5842.95
13209.0,5820.16
14505.0,5818.7
13316.0,5815.49
14415.0,5811.56
14735.0,5807.6900000000005
15218.0,5756.89
17686.0,5739.46
13178.0,5725.47
12720.0,5713.28
13050.0,5684.61
14110.0,5669.65
16553.0,5664.57
13468.0,5656.75
14049.0,5639.15
13004.0,5613.43
13534.0,5613.08
18118.0,5595.77
17049.0,5594.78
12481.0,5590.86
17757.0,5585.49
12839.0,5583.62
16767.0,5580.6
15502.0,5541.46
17716.0,5505.79
16985.0,5461.62
15805.0,5452.17
16609.0,5450.96
16265.0,5423.15
12490.0,5417.93
17719.0,5367.8
18225.0,5361.02
16161.0,5352.97
13269.0,5315.92
16303.0,5305.83
15150.0,5303.97
17730.0,5288.83
17850.0,5288.63
16258.0,5203.51
18226.0,5192.1
15727.0,5178.96
17858.0,5155.66
12362.0,5154.58
16701.0,5150.2699999999995
13756.0,5145.12
15903.0,5126.34
17061.0,5116.13
14688.0,5107.38
18198.0,5083.06
15046.0,5064.01
12432.0,5059.32
13139.0,5055.79
17602.0,5050.77
15719.0,5043.96
16700.0,5040.0
13599.0,5030.6
15301.0,5028.12
17426.0,5022.26
12444.0,5005.46
14755.0,4965.38
15547.0,4954.84
14329.0,4928.74
16191.0,4913.32
13941.0,4912.41
14709.0,4911.14
12437.0,4896.66
17133.0,4892.240000000001
12688.0,4873.8099999999995
12700.0,4867.99
12664.0,4863.88
15786.0,4834.2
14292.0,4819.33
17365.0,4801.56
15738.0,4788.77
13013.0,4786.99
15555.0,4758.2
17690.0,4748.45
17652.0,4737.13
12955.0,4734.26
16722.0,4711.21
14562.0,4709.22
12714.0,4708.86
14135.0,4690.31
15152.0,4684.24
14159.0,4678.3
15187.0,4670.08
14191.0,4660.01
14180.0,4640.77
17809.0,4627.62
14189.0,4604.31
16931.0,4604.22
15291.0,4596.51
14286.0,4595.81
14390.0,4592.47
14004.0,4582.64
17068.0,4531.34
17613.0,4509.37
12484.0,4495.27
12524.0,4485.72
12627.0,4478.53
15032.0,4464.1
17364.0,4455.73
14085.0,4435.79
15093.0,4410.14
13267.0,4404.44
17975.0,4393.61
16984.0,4392.42
15955.0,4389.81
16626.0,4379.65
12752.0,4366.78
16945.0,4345.5
15874.0,4330.67
14016.0,4328.46
18251.0,4314.72
12347.0,4310.0
17937.0,4301.22
13505.0,4282.88
15034.0,4277.66
14422.0,4263.64
12712.0,4241.63
14800.0,4236.34
12757.0,4227.7
14525.0,4221.37
12500.0,4206.27
17920.0,4204.1
17419.0,4200.97
15971.0,4199.85
12747.0,4196.01
18041.0,4161.14
16549.0,4154.64
13555.0,4149.28
12949.0,4143.02
13384.0,4122.28
15570.0,4109.97
12536.0,4106.82
13988.0,4098.8
14534.0,4075.35
16592.0,4073.28
12449.0,4067.29
12569.0,4064.9900000000002
14092.0,4063.1
16401.0,4061.24
14401.0,4039.98
16670.0,4022.46
13815.0,4014.91
17567.0,4012.56
12378.0,4008.62
16186.0,3991.94
17001.0,3989.57
14547.0,3986.7400000000002
12867.0,3986.22
12656.0,3982.72
12957.0,3979.04
15416.0,3974.37
15529.0,3967.78
17769.0,3960.63
13183.0,3957.78
14277.0,3957.0
17611.0,3947.87
12727.0,3947.7
17377.0,3925.92
14426.0,3918.9
17593.0,3911.56
13802.0,3906.27
14739.0,3899.1
17651.0,3886.67
12841.0,3876.4
14291.0,3873.3
12779.0,3868.7
12749.0,3868.2
13124.0,3866.33
13999.0,3865.26
18073.0,3864.44
15195.0,3861.0
12539.0,3852.5
15804.0,3848.55
16327.0,3844.22
12662.0,3817.08
17091.0,3802.81
15867.0,3797.79
16655.0,3794.52
13435.0,3794.4900000000002
15299.0,3787.09
12562.0,3781.7400000000002
15298.0,3774.1
16168.0,3770.6
18087.0,3770.1199999999994
17173.0,3755.65
13523.0,3755.38
16904.0,3754.27
12429.0,3750.4
17238.0,3744.65
12668.0,3743.18
16145.0,3741.98
14282.0,3729.34
15808.0,3724.77
12502.0,3723.87
13069.0,3717.82
13266.0,3717.67
14364.0,3717.35
16240.0,3693.81
12597.0,3683.13
12647.0,3669.92
16253.0,3665.62
17819.0,3661.0699999999997
12553.0,3652.25
18079.0,3651.97
15845.0,3650.87
16712.0,3645.43
16440.0,3640.67
15379.0,3631.8900000000003
13381.0,3626.81
16570.0,3622.95
13327.0,3617.57
15296.0,3610.31
13137.0,3605.08
16242.0,3598.26
13082.0,3595.48
14132.0,3580.13
12417.0,3578.8
17203.0,3563.85
15484.0,3563.11
13426.0,3550.7000000000003
12370.0,3545.69
14503.0,3543.26
15544.0,3542.51
14040.0,3542.19
17491.0,3541.92
17528.0,3540.1
13552.0,3539.53
13334.0,3536.82
17160.0,3518.03
13953.0,3515.68
16131.0,3506.54
15505.0,3497.14
13520.0,3487.75
16458.0,3482.7400000000002
14907.0,3478.85
14395.0,3471.91
17230.0,3466.67
13448.0,3465.67
17576.0,3457.78
17758.0,3456.7000000000003
15410.0,3450.84
16019.0,3450.2400000000002
13536.0,3448.29
15129.0,3447.4
15113.0,3439.41
15581.0,3429.9700000000003
15974.0,3429.55
14221.0,3427.85
16360.0,3411.69
13993.0,3409.66
15981.0,3408.48
13437.0,3408.06
17669.0,3406.7200000000003
13842.0,3385.62
13198.0,3384.09
15228.0,3376.96
17725.0,3371.13
13014.0,3365.43
16011.0,3362.71
13148.0,3348.48
13015.0,3346.28
12643.0,3344.64
15708.0,3329.7200000000003
15676.0,3324.09
12594.0,3320.2200000000003
16818.0,3317.97
14227.0,3315.71
16556.0,3313.79
13373.0,3312.25
14841.0,3295.76
17183.0,3286.9100000000003
12480.0,3281.63
12406.0,3280.75
16717.0,3278.36
17723.0,3276.4000000000005
14702.0,3250.64
13952.0,3246.091
15764.0,3245.47
17050.0,3228.84
15622.0,3224.53
13880.0,3219.77
12613.0,3218.98
12619.0,3214.81
15443.0,3212.16
16107.0,3204.1600000000003
17220.0,3198.25
13868.0,3192.54
17685.0,3191.53
13758.0,3190.55
14844.0,3189.81
14388.0,3172.04
16837.0,3167.73
13268.0,3167.64
16041.0,3166.4
17863.0,3160.0
12456.0,3153.89
14145.0,3148.2
15632.0,3147.31
15065.0,3135.98
17231.0,3127.82
13685.0,3119.44
14175.0,3108.06
17672.0,3106.62
13869.0,3104.95
13742.0,3102.42
13135.0,3096.0
17059.0,3095.04
14235.0,3093.86
14099.0,3092.9700000000003
15491.0,3090.85
14257.0,3087.27
16326.0,3085.96
13362.0,3085.4900000000002
16905.0,3085.48
15998.0,3084.17
13047.0,3079.1
12910.0,3075.04
14565.0,3073.77
18272.0,3064.78
16218.0,3054.87
16940.0,3049.88
14456.0,3047.63
16686.0,3043.48
16607.0,3038.67
16709.0,3029.87
17799.0,3026.08
16156.0,3024.62
13631.0,3021.77
18094.0,3017.3
16678.0,3013.83
12598.0,3002.68
15861.0,3000.36
12395.0,2998.28
14307.0,2995.72
12670.0,2986.15
12916.0,2982.35
15687.0,2981.5
15854.0,2974.65
16497.0,2965.69
15514.0,2963.19
17659.0,2954.75
14639.0,2952.34
17084.0,2949.75
14146.0,2949.57
12754.0,2949.12
16393.0,2941.05
17444.0,2940.04
14868.0,2939.64
14032.0,2929.84
14530.0,2925.91
17512.0,2920.04
12906.0,2919.81
13451.0,2916.45
14543.0,2916.17
12438.0,2906.85
17924.0,2894.33
18144.0,2888.75
15673.0,2881.02
14251.0,2879.7000000000003
16633.0,2878.15
14005.0,2874.72
13901.0,2867.2
15628.0,2865.64
12685.0,2863.08
18145.0,2861.55
14299.0,2855.35
12473.0,2848.23
12408.0,2842.57
14535.0,2841.09
14711.0,2838.2
14852.0,2836.69
17596.0,2827.93
13174.0,2817.03
15984.0,2816.97
12356.0,2811.43
16081.0,2806.9
14572.0,2803.69
12758.0,2791.59
17739.0,2786.05
16928.0,2781.5
12388.0,2780.66
14112.0,2774.17
13769.0,2771.87
17644.0,2768.98
15356.0,2766.5
13735.0,2766.18
13230.0,2763.41
16871.0,2761.4900000000002
15114.0,2760.56
16764.0,2758.25
14626.0,2757.07
15993.0,2756.82
16316.0,2755.56
12578.0,2753.36
13870.0,2751.25
14854.0,2749.89
17504.0,2745.2799999999997
14903.0,2744.48
17213.0,2741.08
14125.0,2740.43
14121.0,2740.3
16003.0,2735.37
12380.0,2720.56
18230.0,2716.6000000000004
12840.0,2714.27
13285.0,2709.12
13654.0,2707.33
13971.0,2702.2200000000003
18097.0,2692.85
14107.0,2688.48
17386.0,2686.42
14732.0,2686.34
15796.0,2666.61
14713.0,2664.2599999999998
12360.0,2662.06
14439.0,2661.24
17069.0,2655.2200000000003
13851.0,2651.46
15321.0,2650.73
15696.0,2644.46
13804.0,2635.79
15671.0,2635.4900000000002
17402.0,2633.85
18077.0,2633.0099999999998
13771.0,2631.7
16618.0,2630.64
12721.0,2628.98
15752.0,2628.93
17965.0,2622.57
18210.0,2621.38
14262.0,2618.23
12708.0,2616.32
12625.0,2614.32
12836.0,2612.86
17346.0,2611.58
16255.0,2609.3
12726.0,2609.1
16241.0,2607.87
14408.0,2606.53
13422.0,2601.55
13644.0,2597.52
16919.0,2596.45
18260.0,2595.0
15782.0,2593.94
13983.0,2590.46
13895.0,2588.12
13021.0,2584.4
12520.0,2582.51
12600.0,2581.04
13911.0,2580.91
15485.0,2575.0
15521.0,2574.65
17655.0,2571.7400000000002
15033.0,2571.02
16308.0,2560.0
14397.0,2556.68
15572.0,2552.86
13136.0,2545.38
13344.0,2543.72
14676.0,2543.2400000000002
14334.0,2539.46
13883.0,2538.75
18075.0,2538.7200000000003
14243.0,2535.88
13471.0,2531.58
16912.0,2528.67
17317.0,2524.02
15245.0,2515.84
17728.0,2515.68
17314.0,2514.76
17700.0,2508.89
18245.0,2507.56
17449.0,2504.86
13695.0,2504.13
13975.0,2503.23
16477.0,2494.46
14546.0,2487.02
14701.0,2486.2200000000003
15271.0,2485.82
12913.0,2483.63
16710.0,2483.04
13507.0,2479.16
12455.0,2466.86
17164.0,2466.4
12517.0,2464.89
17131.0,2463.17
13784.0,2462.79
15932.0,2461.85
17682.0,2459.33
14315.0,2456.98
14842.0,2456.8
14659.0,2456.53
15750.0,2451.23
14163.0,2445.91
13588.0,2445.12
13949.0,2427.32
14766.0,2423.07
15606.0,2422.64
13658.0,2421.47
15089.0,2420.84
16143.0,2419.84
12397.0,2409.9
17589.0,2404.17
15980.0,2398.86
13141.0,2385.8
17071.0,2385.48
17530.0,2385.0
14554.0,2381.04
17722.0,2380.64
18065.0,2380.08
14930.0,2372.86
13722.0,2369.16
14493.0,2362.84
17634.0,2361.9700000000003
15370.0,2360.55
14030.0,2360.09
14440.0,2357.6800000000003
14502.0,2351.02
15140.0,2350.0
15527.0,2348.82
13908.0,2347.05
18259.0,2338.6000000000004
17434.0,2333.42
12483.0,2327.13
14239.0,2323.5
14309.0,2319.68
15755.0,2318.88
13994.0,2313.14
13394.0,2312.8
17838.0,2312.7
14290.0,2307.4500000000003
15288.0,2306.52
15785.0,2303.75
17211.0,2299.67
15105.0,2298.93
15270.0,2298.2
17954.0,2295.37
13704.0,2295.31
15704.0,2293.62
12615.0,2291.19
17744.0,2291.08
17313.0,2288.13
12684.0,2283.63
17188.0,2275.58
12782.0,2273.32
17768.0,2273.1800000000003
14466.0,2272.4
16735.0,2269.21
16550.0,2266.25
18257.0,2265.38
13700.0,2265.12
13527.0,2263.76
16209.0,2262.62
14432.0,2255.51
15235.0,2247.51
16771.0,2246.81
16782.0,2242.25
15665.0,2242.01
15281.0,2239.9500000000003
16293.0,2236.7400000000002
14700.0,2235.3
18242.0,2232.4900000000002
14825.0,2226.91
12704.0,2220.84
12876.0,2218.02
17591.0,2215.02
15373.0,2213.11
17442.0,2210.2599999999998
12653.0,2209.85
14211.0,2208.3
15797.0,2207.4
13115.0,2205.63
12755.0,2203.2
13831.0,2202.99
13680.0,2202.31
14226.0,2201.64
17696.0,2201.05
15123.0,2199.31
14776.0,2195.58
16743.0,2191.84
13365.0,2191.22
13862.0,2187.31
15179.0,2186.2
15394.0,2183.54
16628.0,2183.04
15722.0,2181.21
14808.0,2175.37
14560.0,2174.18
16076.0,2173.53
15811.0,2171.32
14341.0,2166.38
12856.0,2162.68
16456.0,2158.37
12935.0,2156.45
13755.0,2154.68
13224.0,2150.85
16966.0,2148.47
17272.0,2144.53
12633.0,2140.63
16057.0,2140.2200000000003
13317.0,2140.07
14828.0,2139.76
16379.0,2131.9
17400.0,2129.96
12909.0,2128.83
14360.0,2128.23
16407.0,2126.93
15058.0,2124.9900000000002
18061.0,2119.41
13632.0,2117.02
18008.0,2116.19
14691.0,2114.33
14407.0,2111.08
13517.0,2109.07
13265.0,2107.66
18173.0,2106.84
14461.0,2103.06
14515.0,2102.09
12560.0,2101.39
15815.0,2100.6
17191.0,2095.13
18283.0,2094.88
13571.0,2092.32
13297.0,2089.85
12501.0,2089.68
14810.0,2087.88
18044.0,2085.65
16954.0,2085.08
15834.0,2084.9
18093.0,2083.42
14306.0,2083.42
14696.0,2070.97
14482.0,2068.15
14209.0,2067.13
18231.0,2066.17
12928.0,2062.7000000000003
16281.0,2062.06
17861.0,2059.2
18241.0,2058.09
12610.0,2057.99
12518.0,2056.89
13126.0,2056.29
17667.0,2055.51
12948.0,2053.7
17086.0,2050.08
17625.0,2047.0
17597.0,2044.3700000000001
14232.0,2043.93
13450.0,2043.7199999999998
14640.0,2042.15
17090.0,2041.8500000000001
17846.0,2033.1
14001.0,2030.3300000000002
16409.0,2028.88
16358.0,2024.95
14544.0,2024.45
16875.0,2023.47
18069.0,2021.82
15341.0,2020.52
18219.0,2019.77
14188.0,2018.91
14506.0,2012.17
15531.0,2007.44
15372.0,2007.3999999999999
16098.0,2005.63
14730.0,2005.06
17082.0,2003.85
16754.0,2002.4
13305.0,2000.86
18188.0,1998.49
16698.0,1998.0
13630.0,1995.68
17827.0,1995.46
17612.0,1992.76
17679.0,1992.1100000000001
17088.0,1991.01
13593.0,1990.28
13495.0,1990.1200000000001
17940.0,1983.5800000000002
12585.0,1982.81
18204.0,1979.3
13590.0,1976.12
15493.0,1967.25
14462.0,1965.9
17790.0,1965.55
17218.0,1960.72
16341.0,1959.38
14498.0,1957.32
17554.0,1952.45
14653.0,1947.55
17337.0,1944.32
14418.0,1937.25
14472.0,1936.84
14978.0,1931.42
14655.0,1930.15
17406.0,1928.72
17490.0,1926.8799999999999
14217.0,1925.3600000000001
12528.0,1922.28
13246.0,1922.1
16983.0,1920.2
12674.0,1919.31
12457.0,1917.78
15518.0,1911.89
14285.0,1910.01
14409.0,1908.25
16426.0,1908.25
17228.0,1906.09
16150.0,1906.07
15819.0,1905.45
14250.0,1904.05
16938.0,1903.13
14210.0,1900.89
12762.0,1898.52
16942.0,1894.11
12584.0,1893.95
17870.0,1889.4
14934.0,1888.84
12371.0,1887.96
15641.0,1887.2
12853.0,1881.7
17463.0,1881.36
16170.0,1880.4199999999998
16128.0,1880.22
17293.0,1875.1100000000001
16986.0,1873.2
15021.0,1872.28
15157.0,1869.5
15367.0,1867.69
14524.0,1867.68
17787.0,1865.19
17738.0,1863.35
15351.0,1862.14
14887.0,1862.0
13982.0,1861.11
13890.0,1860.8600000000001
17422.0,1853.1299999999999
12423.0,1849.11
13421.0,1848.98
18180.0,1843.75
17469.0,1843.06
12950.0,1843.0
15814.0,1842.73
17015.0,1842.56
16102.0,1842.14
16455.0,1841.18
12963.0,1841.03
12383.0,1839.31
14216.0,1839.3
17519.0,1839.07
14459.0,1837.92
18287.0,1837.28
16152.0,1829.04
15203.0,1827.8
18122.0,1826.21
16153.0,1824.23
16169.0,1822.97
16201.0,1821.52
14533.0,1812.6200000000001
16474.0,1811.47
13725.0,1809.81
13650.0,1809.34
16979.0,1809.05
13048.0,1805.91
12381.0,1803.96
14305.0,1803.76
15812.0,1801.14
16249.0,1800.07
13562.0,1799.33
13196.0,1797.78
17750.0,1797.57
12348.0,1797.24
18235.0,1796.48
18179.0,1793.17
17648.0,1789.55
17663.0,1788.27
13875.0,1786.79
13510.0,1785.16
14608.0,1785.15
14935.0,1784.71
17629.0,1784.12
17705.0,1781.12
15260.0,1780.77
16380.0,1780.59
14215.0,1777.92
17092.0,1777.78
13481.0,1776.81
16841.0,1774.62
16719.0,1773.92
14387.0,1770.56
16681.0,1770.34
15864.0,1769.7800000000002
15594.0,1767.53
14621.0,1765.76
16751.0,1764.72
17873.0,1764.3600000000001
12424.0,1760.96
12823.0,1759.5
15220.0,1758.92
12349.0,1757.55
12645.0,1755.38
13808.0,1747.66
12523.0,1745.57
15067.0,1744.76
15674.0,1744.02
13134.0,1740.63
14595.0,1740.6
17930.0,1740.48
17353.0,1740.0
17754.0,1739.92
15241.0,1738.59
13456.0,1737.8200000000002
17457.0,1737.7
14673.0,1736.4
17043.0,1735.18
15050.0,1727.17
13157.0,1721.57
17702.0,1719.72
15267.0,1717.36
17813.0,1714.6
12405.0,1710.39
13094.0,1708.8600000000001
15947.0,1708.24
12407.0,1708.1200000000001
17162.0,1707.21
16902.0,1706.88
16791.0,1706.28
15950.0,1705.26
17282.0,1703.41
16007.0,1701.94
13824.0,1698.94
14834.0,1698.35
16775.0,1695.66
12764.0,1693.88
16813.0,1692.98
16671.0,1692.27
13763.0,1689.46
12635.0,1689.18
15240.0,1685.57
15380.0,1682.3600000000001
13924.0,1682.08
12843.0,1680.76
17147.0,1679.64
14245.0,1677.48
16638.0,1676.47
13149.0,1676.06
17656.0,1674.69
17193.0,1674.46
13647.0,1670.22
16115.0,1667.97
12912.0,1662.3
15214.0,1661.44
15024.0,1661.33
15332.0,1661.06
14045.0,1659.75
13577.0,1658.3
15549.0,1655.76
16711.0,1651.03
15826.0,1649.3600000000001
17451.0,1648.95
13184.0,1648.79
13750.0,1647.26
13162.0,1644.99
15002.0,1641.76
17284.0,1641.68
15827.0,1641.48
14837.0,1641.2
12398.0,1635.6599999999999
15953.0,1634.53
14164.0,1631.77
16398.0,1631.15
12377.0,1628.12
16515.0,1627.13
14759.0,1625.97
16987.0,1625.05
13425.0,1624.21
15172.0,1624.05
13627.0,1624.02
12530.0,1623.63
17673.0,1622.22
17101.0,1621.73
14178.0,1620.93
14937.0,1617.63
14336.0,1614.91
18161.0,1612.79
15122.0,1612.13
14312.0,1611.59
13614.0,1610.46
14918.0,1610.15
12669.0,1607.73
12868.0,1607.0600000000002
15791.0,1604.44
12783.0,1603.87
14573.0,1603.72
16466.0,1603.46
16992.0,1601.8600000000001
17828.0,1599.97
14587.0,1598.24
14719.0,1592.18
14970.0,1592.06
13850.0,1586.81
16332.0,1583.2
12393.0,1582.6000000000001
16889.0,1578.67
13634.0,1575.16
18178.0,1573.41
15611.0,1568.39
15111.0,1567.48
16496.0,1562.22
13814.0,1562.12
18239.0,1561.6100000000001
17837.0,1560.53
16676.0,1558.72
13313.0,1555.32
17085.0,1555.05
14038.0,1554.48
16369.0,1553.66
15660.0,1552.01
13659.0,1550.85
15117.0,1550.13
12865.0,1548.07
14704.0,1546.91
12352.0,1545.41
14441.0,1545.14
14442.0,1544.62
15701.0,1542.14
16365.0,1540.42
13186.0,1539.69
13397.0,1539.18
13849.0,1537.95
12877.0,1535.77
17159.0,1534.73
16283.0,1531.51
12759.0,1531.44
14321.0,1530.75
14567.0,1524.46
15620.0,1524.4
13107.0,1524.07
16244.0,1522.75
16434.0,1522.25
16066.0,1521.87
15906.0,1521.79
13764.0,1521.76
16790.0,1520.1200000000001
16880.0,1519.08
13213.0,1518.43
12818.0,1517.88
15532.0,1517.08
16748.0,1515.9
15392.0,1515.73
16053.0,1511.95
17997.0,1511.3
16910.0,1510.06
15265.0,1506.1200000000001
15625.0,1504.56
12937.0,1504.27
17152.0,1503.5
15530.0,1502.35
16762.0,1501.38
17571.0,1498.51
16279.0,1496.68
13320.0,1491.7
15916.0,1491.24
15057.0,1489.5
14963.0,1487.8
17002.0,1487.78
17553.0,1487.6
16395.0,1486.9
14878.0,1485.54
14414.0,1485.1299999999999
16755.0,1484.63
14758.0,1484.06
18016.0,1483.56
16016.0,1483.31
15427.0,1483.14
17590.0,1479.22
15983.0,1475.02
14246.0,1474.06
16348.0,1469.45
12826.0,1468.1200000000001
13692.0,1466.8700000000001
15473.0,1465.2
12882.0,1463.04
14541.0,1461.65
16359.0,1460.3700000000001
16059.0,1459.8600000000001
13309.0,1456.79
13110.0,1452.8700000000001
15987.0,1451.28
14229.0,1450.6
14875.0,1448.72
14233.0,1447.51
14591.0,1447.14
16817.0,1446.95
17073.0,1446.09
13461.0,1445.0
13477.0,1441.53
15478.0,1441.42
15858.0,1438.85
14404.0,1434.72
13717.0,1432.26
14566.0,1432.0
13475.0,1431.78
17175.0,1430.94
15426.0,1429.9
16103.0,1429.64
14035.0,1428.02
16996.0,1427.46
14403.0,1426.31
16271.0,1423.29
14740.0,1423.21
17063.0,1421.59
16503.0,1421.43
17288.0,1419.73
15128.0,1419.54
15444.0,1418.26
18116.0,1418.03
14649.0,1417.29
16012.0,1415.29
14901.0,1414.99
17004.0,1412.94
15237.0,1412.32
16394.0,1412.06
15106.0,1407.73
12947.0,1407.29
16173.0,1406.57
17083.0,1405.78
14443.0,1400.88
14741.0,1400.34
14019.0,1398.96
18202.0,1396.99
17856.0,1393.79
17354.0,1393.06
15051.0,1391.61
13414.0,1390.5
13516.0,1389.41
16539.0,1388.81
15453.0,1388.37
15134.0,1387.99
17311.0,1384.85
15898.0,1384.68
13572.0,1384.25
16463.0,1383.7
13995.0,1383.49
17676.0,1383.27
12952.0,1382.8400000000001
14116.0,1382.74
16726.0,1382.02
13159.0,1379.75
14113.0,1377.92
15569.0,1375.71
14434.0,1372.8
16669.0,1370.8700000000001
14507.0,1368.18
13308.0,1367.6100000000001
14897.0,1366.38
15095.0,1364.7
16389.0,1362.27
13232.0,1357.6
18167.0,1355.51
17054.0,1353.83
13813.0,1353.41
17204.0,1352.91
15116.0,1352.75
16245.0,1352.3600000000001
14859.0,1352.04
16079.0,1352.0
12770.0,1351.45
12775.0,1351.24
12886.0,1351.09
17368.0,1349.52
12646.0,1346.97
15411.0,1346.38
14154.0,1345.62
15596.0,1343.34
17372.0,1342.68
16317.0,1341.65
16045.0,1340.7
13743.0,1340.1499999999999
15398.0,1339.63
15734.0,1339.45
12620.0,1339.41
16110.0,1337.48
17621.0,1336.1
15680.0,1333.68
17932.0,1331.57
12676.0,1331.39
15365.0,1330.45
16493.0,1329.66
16295.0,1328.55
15059.0,1325.82
13396.0,1325.29
16370.0,1320.56
15563.0,1319.69
16083.0,1317.62
12526.0,1316.66
14921.0,1316.07
14102.0,1314.73
16464.0,1314.68
14973.0,1314.45
18177.0,1314.17
15146.0,1313.66
16040.0,1313.55
12364.0,1313.1
12516.0,1312.06
14748.0,1311.79
13012.0,1311.6200000000001
14856.0,1311.3799999999999
13501.0,1310.47
13168.0,1310.14
13328.0,1308.48
14477.0,1307.81
14071.0,1307.41
12576.0,1306.98
16744.0,1304.76
17919.0,1304.04
15813.0,1303.9099999999999
12463.0,1303.63
12919.0,1301.44
15494.0,1299.23
12488.0,1298.66
12372.0,1298.04
17961.0,1296.44
16929.0,1295.39
16224.0,1295.3
16120.0,1294.14
15108.0,1291.75
14047.0,1290.01
14738.0,1289.94
12854.0,1289.15
16571.0,1285.22
17671.0,1284.08
14297.0,1284.06
15136.0,1282.45
16899.0,1281.56
13878.0,1281.53
13538.0,1280.85
14267.0,1279.09
16692.0,1276.0
17019.0,1272.61
12394.0,1272.48
14794.0,1272.11
12630.0,1270.88
14669.0,1269.99
13492.0,1269.84
13431.0,1269.1
15199.0,1268.7
14511.0,1267.4099999999999
17158.0,1266.97
13989.0,1266.08
14916.0,1264.84
16951.0,1262.75
15009.0,1261.78
16688.0,1260.86
16842.0,1260.44
14105.0,1260.33
15497.0,1259.7
17388.0,1259.56
14665.0,1258.38
17412.0,1258.06
12507.0,1258.06
17350.0,1256.19
13848.0,1255.0
17262.0,1253.3600000000001
17037.0,1253.22
17802.0,1251.84
14698.0,1250.76
13151.0,1250.3700000000001
17481.0,1249.34
14383.0,1247.69
12689.0,1247.61
13029.0,1247.5
15004.0,1246.32
16101.0,1245.96
16531.0,1244.59
17633.0,1242.34
17588.0,1240.2
13860.0,1240.0
14893.0,1237.8500000000001
14684.0,1236.28
15376.0,1233.3600000000001
15910.0,1232.18
18080.0,1231.5
13931.0,1230.93
14428.0,1230.14
14898.0,1228.32
14913.0,1227.43
17584.0,1227.3
12412.0,1226.88
15227.0,1219.4
13491.0,1215.82
12985.0,1215.6200000000001
17774.0,1215.46
17410.0,1214.72
13918.0,1212.8400000000001
12464.0,1212.05
18263.0,1211.08
15841.0,1209.1
18171.0,1208.51
13208.0,1205.9
13055.0,1201.96
16794.0,1201.51
16800.0,1201.49
13158.0,1201.06
17320.0,1200.6200000000001
17800.0,1199.01
15605.0,1198.23
12997.0,1197.94
13211.0,1197.42
17720.0,1195.94
12967.0,1194.75
15145.0,1194.73
12611.0,1193.32
14064.0,1188.32
16612.0,1187.66
13752.0,1186.28
14487.0,1183.58
15630.0,1180.4
17058.0,1179.89
16950.0,1178.56
17653.0,1175.88
12640.0,1174.58
15306.0,1174.35
16639.0,1169.38
12358.0,1168.06
14745.0,1167.16
16653.0,1166.92
14857.0,1165.65
14737.0,1164.55
14261.0,1163.45
14447.0,1163.23
16949.0,1161.27
17348.0,1159.52
15621.0,1158.77
14723.0,1158.3
12885.0,1158.27
13611.0,1158.2
13744.0,1156.36
16184.0,1155.54
16062.0,1153.62
12657.0,1152.06
16042.0,1147.37
13499.0,1146.96
17505.0,1145.84
16766.0,1145.6
15810.0,1145.43
12769.0,1143.6
17770.0,1143.27
12546.0,1141.5
18125.0,1141.34
16270.0,1141.24
13330.0,1140.93
13819.0,1140.35
15088.0,1140.27
16172.0,1140.21
17135.0,1139.73
12494.0,1139.3500000000001
17500.0,1138.0
13500.0,1136.77
17242.0,1135.04
18168.0,1133.64
16989.0,1133.25
17585.0,1133.07
13772.0,1132.13
15500.0,1131.56
13882.0,1131.28
12710.0,1130.57
14824.0,1127.71
12609.0,1126.85
17470.0,1125.07
13118.0,1125.0
16637.0,1124.59
12462.0,1124.01
14129.0,1123.8600000000001
15436.0,1122.53
13486.0,1122.41
16807.0,1121.59
15737.0,1121.21
17302.0,1119.93
17894.0,1119.81
13064.0,1119.49
16086.0,1119.31
12842.0,1118.99
15716.0,1118.81
17788.0,1117.9
13591.0,1117.13
14971.0,1116.57
13610.0,1115.43
16049.0,1111.79
14161.0,1110.52
14817.0,1110.34
15069.0,1109.53
12399.0,1108.65
15730.0,1108.38
15933.0,1107.46
17562.0,1107.38
16833.0,1106.53
12857.0,1106.4
13447.0,1104.23
17609.0,1103.92
17047.0,1100.9
16350.0,1100.47
15978.0,1098.78
13104.0,1098.48
17966.0,1098.43
14708.0,1096.67
16225.0,1096.32
13652.0,1095.08
15608.0,1093.68
13521.0,1093.65
13476.0,1092.77
15489.0,1090.03
12534.0,1089.18
14744.0,1088.53
17095.0,1088.2
18189.0,1084.34
13467.0,1083.71
15602.0,1083.63
13310.0,1083.63
14561.0,1080.76
16200.0,1080.6200000000001
13726.0,1079.6599999999999
12354.0,1079.4
16980.0,1078.96
14352.0,1078.96
16563.0,1077.74
15712.0,1072.3600000000001
15745.0,1071.24
13635.0,1071.03
17522.0,1070.71
13761.0,1070.65
14212.0,1070.48
14948.0,1066.57
17041.0,1065.77
17277.0,1065.3500000000001
17287.0,1064.11
12815.0,1063.46
14411.0,1063.0
16214.0,1062.75
12679.0,1058.67
14465.0,1058.6200000000001
14419.0,1058.06
13853.0,1056.94
15238.0,1056.54
15407.0,1056.44
14514.0,1055.35
15977.0,1054.73
16728.0,1054.67
13715.0,1053.94
12716.0,1053.49
14583.0,1052.55
15027.0,1051.95
12849.0,1050.8899999999999
14224.0,1050.12
14078.0,1049.37
15464.0,1048.85
15763.0,1048.67
13282.0,1047.8400000000001
13791.0,1047.68
14488.0,1047.43
14293.0,1046.56
18130.0,1045.74
15996.0,1044.78
17042.0,1044.3799999999999
15192.0,1044.32
16918.0,1043.34
12497.0,1043.1
17727.0,1042.55
15801.0,1042.19
12951.0,1042.07
16094.0,1041.83
13719.0,1041.68
14446.0,1039.58
13131.0,1039.3
16320.0,1038.46
16175.0,1037.59
15985.0,1037.42
16520.0,1036.6200000000001
12691.0,1035.8
16260.0,1035.45
15171.0,1034.5
13639.0,1033.34
18221.0,1033.31
12599.0,1032.58
12724.0,1031.41
13253.0,1030.4
17033.0,1030.14
14584.0,1029.26
15333.0,1028.56
16682.0,1028.0
16416.0,1026.99
16533.0,1026.94
13956.0,1026.42
14904.0,1025.44
15777.0,1021.61
14346.0,1021.58
13165.0,1021.48
15839.0,1020.74
13376.0,1019.76
14276.0,1019.39
12828.0,1018.71
14083.0,1018.43
12514.0,1017.68
13728.0,1016.14
13867.0,1015.29
18142.0,1014.9
12642.0,1013.26
12739.0,1013.04
17197.0,1013.01
12936.0,1012.9
14775.0,1011.9
16229.0,1010.6
16174.0,1009.5500000000001
16160.0,1009.4499999999999
13455.0,1007.35
14631.0,1006.98
13429.0,1006.8
15329.0,1005.5
12572.0,1004.72
15104.0,1002.54
12446.0,1002.3100000000001
15706.0,1001.8100000000001
12545.0,1000.39
15508.0,1000.27
14214.0,1000.23
18143.0,1000.16
14389.0,999.72
16572.0,999.7
15434.0,997.48
13032.0,996.52
14540.0,996.26
17646.0,995.6600000000001
17724.0,995.6500000000001
17594.0,993.18
16009.0,992.71
17096.0,992.6800000000001
13363.0,992.5
17126.0,991.85
17951.0,990.8400000000001
17324.0,990.23
13410.0,988.91
15062.0,987.86
18237.0,987.1
13117.0,984.91
17144.0,984.57
17214.0,984.12
16232.0,983.23
12510.0,982.5699999999999
15133.0,982.42
14138.0,982.3800000000001
15071.0,982.07
16188.0,981.86
16907.0,981.65
16085.0,981.51
12541.0,981.18
12717.0,980.98
18170.0,980.31
13509.0,979.72
15506.0,979.26
15132.0,977.9300000000001
14920.0,977.77
16376.0,977.52
15860.0,977.21
14223.0,975.23
14522.0,974.54
15747.0,974.04
13155.0,971.76
17100.0,971.74
17618.0,971.58
15449.0,971.22
15110.0,970.25
15907.0,967.45
17405.0,967.22
12550.0,964.83
14931.0,964.6800000000001
14195.0,962.7
13138.0,962.39
14006.0,962.19
15156.0,961.49
16419.0,959.48
15658.0,958.9
18192.0,957.97
13823.0,957.66
15948.0,955.24
17244.0,954.9
15835.0,954.09
16934.0,950.9300000000001
15421.0,950.36
16511.0,950.26
15793.0,948.96
13748.0,948.25
15787.0,948.05
12458.0,947.4
15681.0,946.36
15707.0,945.58
13261.0,944.1
12820.0,942.34
14075.0,942.26
13636.0,941.62
15576.0,940.6700000000001
17227.0,939.32
14629.0,939.21
12697.0,939.02
17097.0,937.92
17289.0,936.16
13026.0,936.15
15289.0,935.1
14256.0,935.0600000000001
16657.0,933.62
13655.0,932.97
14532.0,932.85
12924.0,929.95
15201.0,927.84
13805.0,924.6
15654.0,922.53
13122.0,922.39
16551.0,922.12
13934.0,922.1
15312.0,921.1
17018.0,920.1
14140.0,920.05
13075.0,919.61
12822.0,918.98
14015.0,917.34
14712.0,917.07
17236.0,916.13
13549.0,916.12
15253.0,915.3
16216.0,914.9300000000001
12652.0,914.53
15587.0,913.6800000000001
15364.0,913.19
16809.0,912.74
13782.0,912.0
13192.0,911.94
16714.0,911.53
14289.0,911.26
18096.0,911.15
13350.0,910.72
13689.0,910.0
17552.0,909.96
15511.0,909.23
17323.0,908.99
13038.0,908.46
16584.0,908.03
14449.0,907.1
15480.0,905.5
15022.0,905.04
14081.0,904.67
12722.0,904.33
15807.0,903.9
12994.0,902.22
17566.0,901.21
17848.0,901.1999999999999
17886.0,899.61
13810.0,899.51
17537.0,897.62
17044.0,897.4300000000001
16361.0,896.66
18194.0,896.0
15865.0,895.13
15211.0,894.4100000000001
15079.0,893.66
12772.0,892.47
13515.0,891.12
15255.0,890.85
14240.0,890.34
14344.0,889.9300000000001
17829.0,889.24
17527.0,888.86
16347.0,887.65
13035.0,886.63
15822.0,885.47
17704.0,885.19
15799.0,884.14
14597.0,883.15
14359.0,882.58
18236.0,882.24
13037.0,881.07
15076.0,880.85
13662.0,879.08
14141.0,879.0300000000001
17731.0,878.2
15653.0,877.4399999999999
17007.0,877.4300000000001
14770.0,876.42
12940.0,876.29
13566.0,874.71
16513.0,874.59
13294.0,873.74
12847.0,871.54
13200.0,870.09
13979.0,869.87
17109.0,869.6800000000001
12694.0,869.67
13203.0,869.46
14623.0,869.35
16801.0,867.83
15208.0,867.62
14715.0,867.38
16121.0,867.11
14332.0,866.31
16567.0,865.6
16221.0,864.86
17048.0,864.32
12680.0,862.81
16266.0,861.89
17649.0,861.74
12794.0,860.41
13339.0,860.12
14577.0,859.71
17064.0,859.35
14553.0,859.27
16235.0,858.41
16037.0,855.02
17560.0,854.95
16877.0,853.72
14193.0,853.39
16070.0,852.15
16027.0,852.12
16020.0,851.01
13991.0,850.63
12379.0,850.29
17027.0,848.59
12713.0,848.55
14625.0,848.48
13846.0,847.61
13221.0,847.41
16222.0,846.72
15965.0,845.64
14803.0,845.55
17624.0,843.48
15164.0,843.05
12878.0,841.64
14912.0,841.52
14862.0,841.1999999999999
17076.0,841.0799999999999
13940.0,839.14
14657.0,838.27
15832.0,836.79
12728.0,836.33
17759.0,834.99
13835.0,834.57
17929.0,834.5
16644.0,833.78
15862.0,832.88
12693.0,830.96
13681.0,827.83
16747.0,826.96
12461.0,826.88
16494.0,826.53
17921.0,826.52
16284.0,823.97
14231.0,822.0600000000001
13893.0,821.1
13220.0,819.2900000000001
17764.0,818.8199999999999
17169.0,816.88
16943.0,816.73
16560.0,816.51
16108.0,816.1
15649.0,816.0
15399.0,815.77
14499.0,815.32
13280.0,814.86
16460.0,814.72
18064.0,814.0
17075.0,813.77
16600.0,813.52
16621.0,813.48
14421.0,813.11
15644.0,813.0
17980.0,811.45
15525.0,811.02
16276.0,810.6000000000001
16624.0,810.5699999999999
13637.0,810.5
16660.0,810.4499999999999
16891.0,809.7
17115.0,806.9000000000001
15952.0,806.57
13707.0,806.41
12421.0,806.27
16869.0,805.62
16367.0,804.49
12778.0,804.23
12422.0,803.5600000000001
13929.0,802.85
16164.0,802.53
18265.0,801.51
16806.0,801.49
17905.0,800.24
13720.0,799.9
14475.0,799.82
13030.0,799.48
17703.0,798.74
16438.0,798.35
13389.0,797.96
12701.0,797.71
13336.0,795.12
15990.0,792.11
13167.0,791.33
13016.0,789.89
13323.0,787.85
15806.0,784.58
15743.0,784.46
17387.0,784.11
16054.0,783.9
18248.0,783.02
17006.0,781.78
17341.0,781.36
13884.0,781.3000000000001
15679.0,781.28
13583.0,781.03
13212.0,780.58
14644.0,780.46
17797.0,780.43
17180.0,780.38
12735.0,779.5699999999999
16092.0,779.36
14815.0,778.5
17414.0,778.0
16505.0,777.6
13563.0,777.53
12425.0,777.2
15353.0,777.02
13341.0,775.85
14234.0,775.46
16825.0,775.1800000000001
16725.0,775.07
15414.0,774.9000000000001
16043.0,773.99
15075.0,773.03
13375.0,772.9
16759.0,772.84
12965.0,771.91
17409.0,771.85
14662.0,771.17
12628.0,769.61
16480.0,769.29
18228.0,769.2
13356.0,768.24
17516.0,768.08
13109.0,766.84
14976.0,765.86
14550.0,765.62
14672.0,765.55
17695.0,765.34
14885.0,765.3199999999999
12434.0,765.19
15239.0,764.34
17268.0,763.64
17466.0,763.28
18136.0,761.83
15599.0,761.74
16205.0,761.38
14412.0,761.3299999999999
15066.0,760.59
17425.0,759.17
16036.0,758.92
15568.0,758.29
17461.0,757.46
16470.0,757.44
14883.0,756.64
18104.0,754.64
13730.0,752.6
17146.0,749.78
14923.0,749.1
17411.0,748.94
15074.0,748.87
15656.0,748.5
15831.0,747.76
17114.0,747.22
15618.0,747.031
15533.0,746.92
16261.0,746.83
14050.0,746.36
14790.0,745.06
16770.0,744.9
13354.0,743.53
12374.0,742.9300000000001
13753.0,741.26
13900.0,740.95
17974.0,740.79
15252.0,740.78
13329.0,740.4
16924.0,739.5
12603.0,739.1999999999999
14756.0,738.96
12976.0,738.6
17979.0,737.81
18156.0,734.94
17034.0,734.5699999999999
16146.0,734.13
12465.0,733.89
17692.0,733.4399999999999
16256.0,732.63
17812.0,732.16
13575.0,732.0699999999999
16099.0,731.9
16491.0,731.5
14778.0,730.86
18035.0,730.4
13077.0,729.27
13950.0,728.56
17666.0,728.16
13236.0,727.27
14055.0,725.6400000000001
12723.0,725.07
15636.0,724.76
12468.0,724.0400000000001
13736.0,724.0
12475.0,723.38
15561.0,722.74
15584.0,722.61
17521.0,721.9599999999999
14869.0,721.95
15272.0,721.94
13370.0,721.32
18062.0,720.52
16023.0,719.81
14179.0,719.78
14725.0,718.08
17884.0,717.45
15274.0,716.57
12535.0,716.35
17029.0,716.0
18133.0,715.4999999999999
15330.0,714.96
15757.0,714.42
13169.0,712.88
13147.0,712.8000000000001
17761.0,712.78
13416.0,712.5
17642.0,712.29
15855.0,712.24
13705.0,711.86
17179.0,711.79
13249.0,711.41
17472.0,710.29
14127.0,709.71
16136.0,709.38
12427.0,708.37
12781.0,707.72
12453.0,707.09
16364.0,707.04
17526.0,706.7
14880.0,706.19
16882.0,705.12
17934.0,704.25
16140.0,703.77
12883.0,703.47
18082.0,703.37
15103.0,703.36
16730.0,702.79
15574.0,702.25
16997.0,702.0
14867.0,701.33
17321.0,700.86
17734.0,700.63
15800.0,699.08
13258.0,698.58
17796.0,697.9
15053.0,697.79
13596.0,697.04
17397.0,696.41
12413.0,694.15
12925.0,694.05
13601.0,693.32
17198.0,692.22
17733.0,692.19
13838.0,691.73
16015.0,690.54
18085.0,689.95
13023.0,689.9
18196.0,689.13
17502.0,689.1
13799.0,688.86
14111.0,688.6
14201.0,688.04
16309.0,686.67
12658.0,686.05
14009.0,685.9300000000001
14959.0,684.97
16122.0,684.4200000000001
16495.0,684.41
12942.0,683.9
14222.0,683.17
12838.0,683.13
15582.0,682.9100000000001
13548.0,682.41
18135.0,681.9100000000001
16212.0,681.19
12410.0,681.0799999999999
12478.0,680.99
13238.0,680.83
15304.0,680.3
15181.0,680.28
13524.0,680.1800000000001
16872.0,680.02
16642.0,679.83
14788.0,679.4399999999999
13607.0,678.01
15669.0,677.69
13040.0,676.99
16377.0,676.2
15626.0,675.8
13325.0,675.3
16418.0,675.27
13355.0,674.7
16449.0,674.69
13464.0,674.68
17749.0,674.52
13951.0,674.45
14504.0,673.26
18121.0,673.1
13623.0,672.44
14628.0,671.96
17883.0,671.77
12638.0,671.69
15951.0,669.57
17299.0,669.11
14643.0,668.61
12418.0,668.58
16383.0,668.36
15031.0,668.14
18022.0,668.11
16268.0,667.65
14356.0,666.9399999999999
15400.0,666.7
13741.0,666.33
17777.0,665.86
17105.0,665.78
15038.0,665.59
16056.0,664.85
13963.0,664.54
16208.0,664.26
15700.0,664.03
14720.0,663.81
13240.0,663.65
17423.0,663.63
14198.0,663.5
17462.0,662.94
14451.0,662.59
14603.0,660.0
13028.0,659.68
15492.0,659.4599999999999
13518.0,659.4399999999999
13759.0,659.4100000000001
16357.0,658.88
14150.0,658.64
17874.0,658.26
16696.0,657.9000000000001
14818.0,657.8
17459.0,657.3
12616.0,657.25
15677.0,657.23
13049.0,656.6800000000001
16708.0,656.63
15197.0,656.44
16127.0,656.25
14894.0,655.75
16774.0,654.92
14651.0,654.6
17398.0,653.38
18151.0,653.35
16014.0,653.13
14044.0,652.82
14548.0,652.8
17523.0,652.74
16362.0,652.07
16734.0,650.51
15571.0,650.4300000000001
16469.0,650.43
16969.0,650.41
15098.0,649.5
15205.0,648.8299999999999
13430.0,648.6899999999999
16573.0,648.41
13564.0,647.74
15643.0,647.4
17373.0,646.92
12589.0,646.68
15651.0,646.3
17545.0,645.96
14855.0,645.65
14829.0,644.65
17312.0,644.3
16157.0,644.24
14126.0,643.6300000000001
12612.0,643.59
16431.0,642.81
14020.0,642.8
13034.0,642.77
17779.0,642.17
17046.0,642.02
16554.0,641.55
12624.0,641.13
13417.0,640.83
13318.0,640.76
12631.0,640.5
15919.0,639.89
17515.0,639.02
16444.0,638.77
18160.0,638.0600000000001
14754.0,638.05
14664.0,637.89
14128.0,637.5
14481.0,636.51
15829.0,636.14
15384.0,635.76
15773.0,635.6800000000001
16139.0,635.41
15100.0,635.1
15297.0,635.04
17985.0,634.95
14000.0,633.71
15045.0,633.66
13892.0,632.97
14220.0,632.4
14301.0,632.04
13822.0,632.0
14021.0,631.9
15244.0,631.57
17990.0,630.84
17994.0,629.6899999999999
13046.0,629.31
13525.0,628.78
14687.0,628.38
16022.0,628.28
13388.0,627.15
15028.0,627.13
13546.0,626.99
15402.0,626.77
14036.0,626.65
18218.0,626.38
14382.0,626.0699999999999
16750.0,623.93
16718.0,623.75
13368.0,623.4
15258.0,623.16
17499.0,622.88
15182.0,622.85
17867.0,622.75
18217.0,621.75
16915.0,621.6800000000001
17640.0,621.66
13402.0,621.23
16141.0,620.4
12667.0,620.13
14529.0,620.04
13493.0,618.63
16613.0,618.59
12596.0,618.27
13301.0,618.09
14593.0,617.99
13496.0,617.93
14377.0,617.05
16442.0,616.79
13925.0,616.65
16311.0,616.26
15215.0,615.99
16005.0,615.39
13145.0,614.77
16566.0,614.01
13914.0,613.95
15073.0,612.43
18149.0,612.0799999999999
15232.0,612.06
15645.0,612.01
16109.0,611.88
14152.0,611.09
13731.0,610.59
12673.0,610.52
15795.0,610.01
13357.0,609.95
14636.0,609.85
15275.0,609.19
13933.0,608.7900000000001
15147.0,608.65
12719.0,608.1
14342.0,607.71
15573.0,607.45
12933.0,606.28
14710.0,606.13
13539.0,605.84
17849.0,605.8000000000001
13888.0,605.63
17507.0,605.58
13233.0,605.12
13558.0,605.06
14675.0,604.75
17664.0,604.64
12944.0,604.51
16732.0,603.75
12649.0,603.71
12556.0,603.71
16134.0,603.69
12707.0,603.42
17259.0,603.37
15322.0,602.97
15366.0,602.51
16306.0,602.27
17890.0,602.09
12654.0,601.98
14609.0,601.56
18183.0,600.52
12420.0,600.39
13243.0,600.07
18211.0,600.07
12872.0,599.97
14905.0,599.9
15648.0,599.9
12521.0,599.68
14965.0,599.0
17420.0,598.83
14467.0,598.76
15720.0,598.73
13311.0,598.57
13959.0,598.2
16298.0,598.2
17864.0,597.5
16788.0,597.48
14645.0,597.09
15381.0,596.85
18246.0,596.1
12577.0,595.4
16654.0,594.97
16763.0,594.9
14108.0,594.16
12917.0,594.0
15442.0,594.0
16535.0,593.75
17119.0,593.61
16116.0,592.88
13811.0,591.75
13276.0,590.9300000000001
14133.0,590.3399999999999
13452.0,590.0
13270.0,590.0
14882.0,589.7
18123.0,589.4399999999999
16203.0,589.15
16723.0,589.15
15624.0,588.13
17351.0,587.15
12513.0,586.79
17360.0,585.79
15222.0,585.0
16384.0,584.5
16072.0,584.3199999999999
14023.0,584.07
13557.0,584.06
15762.0,583.75
15969.0,582.9
16838.0,582.9
12426.0,582.73
13427.0,582.6
17970.0,582.59
18232.0,582.47
12695.0,582.1
14692.0,582.05
15768.0,581.8299999999999
18095.0,580.0500000000001
16906.0,579.77
17142.0,579.0
13292.0,578.9399999999999
13314.0,578.66
14284.0,578.45
14410.0,576.3
16916.0,576.26
15550.0,575.63
16345.0,575.41
13487.0,575.4
14167.0,574.84
12784.0,574.42
14323.0,574.26
15303.0,574.02
14176.0,574.0
15415.0,572.8100000000001
13379.0,572.56
13405.0,572.451
12816.0,572.2
17616.0,571.1999999999999
15821.0,570.96
14592.0,570.46
17540.0,570.4
16667.0,570.13
12601.0,569.5600000000001
13321.0,567.36
18150.0,566.58
12384.0,566.16
17014.0,565.58
14753.0,563.15
17265.0,562.9
12414.0,562.41
13946.0,561.5699999999999
13044.0,560.47
14273.0,559.97
16275.0,559.87
14400.0,559.7
18043.0,559.51
12866.0,559.12
17503.0,558.96
13800.0,558.32
13260.0,557.62
15339.0,557.57
17955.0,557.3
17295.0,556.95
13939.0,556.75
16385.0,555.89
13816.0,555.04
14805.0,554.65
14177.0,554.46
14891.0,554.38
14338.0,554.22
15068.0,553.36
12879.0,552.5699999999999
12363.0,552.0
15315.0,551.54
17674.0,551.04
17291.0,550.8000000000001
17235.0,550.06
12390.0,549.84
16340.0,549.07
16031.0,548.94
15830.0,547.7
16811.0,547.07
17637.0,547.0600000000001
17520.0,546.81
12743.0,546.43
17806.0,546.04
12793.0,545.48
12987.0,545.0
16475.0,544.3
13617.0,544.18
13390.0,544.08
16927.0,543.05
16211.0,542.77
13278.0,542.73
16230.0,542.03
17447.0,541.53
17557.0,541.46
17897.0,541.1
14997.0,540.98
13874.0,540.45
16536.0,539.02
13812.0,539.0
14496.0,538.8100000000001
15452.0,538.73
14618.0,538.59
15539.0,538.46
16278.0,537.83
17345.0,537.74
14474.0,537.71
14539.0,537.48
16206.0,537.0600000000001
15043.0,537.0
16804.0,536.99
12559.0,536.21
13894.0,535.97
16142.0,535.34
12988.0,535.32
13000.0,534.85
13385.0,534.57
17062.0,534.47
13434.0,534.24
17443.0,534.24
15756.0,532.96
15825.0,532.94
16706.0,531.35
14265.0,530.18
18159.0,530.15
16933.0,530.08
14002.0,529.73
14463.0,529.62
16185.0,529.41
17631.0,528.33
17623.0,527.0500000000001
18252.0,526.67
17888.0,525.78
17290.0,525.24
15891.0,524.52
13721.0,524.14
17329.0,523.11
18017.0,523.0
17712.0,522.91
14871.0,522.38
15149.0,520.8000000000001
14873.0,519.68
12571.0,519.61
13643.0,519.44
16650.0,518.42
15030.0,518.28
16135.0,517.55
17454.0,517.53
18205.0,517.36
12811.0,514.85
15246.0,514.15
17513.0,513.2
17805.0,512.31
17429.0,512.12
14034.0,512.02
15467.0,511.88
12582.0,511.36
14851.0,511.35
15655.0,511.32
16561.0,511.12
16325.0,510.54
12904.0,509.58
12436.0,509.01
17391.0,508.8
15417.0,508.8
14317.0,508.58000000000004
17958.0,508.4599999999999
17415.0,507.84
14158.0,507.66
14820.0,507.29
15721.0,507.08
16960.0,507.05
13885.0,506.8
17480.0,506.51
16614.0,506.19
14014.0,505.18
15469.0,504.5
12863.0,504.2
12991.0,503.76
17630.0,503.59999999999997
15006.0,502.09
13865.0,501.56
13247.0,501.12
16616.0,500.42
15389.0,500.0
14958.0,499.68
14077.0,499.41999999999996
15193.0,499.32
14681.0,498.95
15142.0,498.74
17298.0,498.42
16820.0,497.61
17495.0,497.56
16368.0,497.43
16892.0,496.84000000000003
15300.0,496.44
17053.0,496.38
17374.0,495.77
15882.0,495.36
16602.0,494.72999999999996
15448.0,494.64
16352.0,494.44
17333.0,494.25
12763.0,494.08
16955.0,493.67
13176.0,492.84
14270.0,492.65000000000003
15507.0,492.36
16488.0,492.2
13732.0,491.86
14236.0,490.86
15000.0,490.52
14416.0,490.22
18074.0,489.6
17361.0,488.2
13984.0,488.03
14396.0,487.99
15165.0,487.75
16643.0,487.51
15081.0,487.35
13675.0,486.82000000000005
17453.0,486.71999999999997
13153.0,486.22
12639.0,486.1
17658.0,485.88
15287.0,485.24
13116.0,485.19
16999.0,484.82
16504.0,484.38
12809.0,484.36
14130.0,483.86
13531.0,483.8
12808.0,483.65000000000003
17555.0,483.26
14450.0,483.25
16603.0,482.47
16693.0,482.01
18216.0,481.75
16863.0,481.35
16518.0,480.92
16812.0,479.35
16008.0,478.78
12644.0,477.91
12479.0,477.3
15091.0,476.96
15344.0,476.58
12447.0,476.49
15780.0,475.28000000000003
15349.0,473.81
15557.0,473.65000000000003
16859.0,473.14
16374.0,473.03000000000003
14013.0,473.02
17950.0,472.12
17964.0,471.7
13043.0,471.57
16885.0,471.51
15963.0,470.76
15471.0,469.48
15026.0,469.0
13005.0,468.95
14896.0,468.77000000000004
14147.0,468.4
14335.0,468.26
14029.0,467.66
13579.0,467.04
13248.0,465.68
15036.0,465.55
17140.0,465.32
13928.0,464.57
16586.0,463.95
14967.0,463.8
15109.0,463.75
12787.0,463.66
17418.0,463.46000000000004
14489.0,463.38
14853.0,463.05
12945.0,462.95
14331.0,462.65999999999997
14470.0,461.19
12391.0,460.89
16824.0,460.64
16805.0,460.59
12491.0,460.40000000000003
15535.0,459.9
13092.0,459.83
12355.0,459.4
16589.0,459.24
17880.0,458.92
16768.0,458.04
17392.0,457.91
15092.0,457.81
15121.0,457.72
14497.0,457.47
13398.0,457.34
12564.0,456.9
15589.0,456.58
15018.0,456.26
12999.0,455.88
15754.0,455.67
12375.0,455.42
15585.0,455.3
16529.0,455.25
15223.0,454.90000000000003
16038.0,454.33000000000004
13485.0,454.24
15475.0,454.10999999999996
17564.0,454.01
12729.0,453.01
18071.0,453.0
14184.0,452.89
12591.0,452.84999999999997
13506.0,452.82
17460.0,452.63
12970.0,452.24
18158.0,451.75
16574.0,451.44
14173.0,450.84
17040.0,449.73
13489.0,449.52
12448.0,449.45
15739.0,449.12
18176.0,448.65
14780.0,447.68
15456.0,447.22
15368.0,446.94000000000005
15889.0,446.87
17370.0,446.18
18006.0,444.68
16898.0,444.46
14638.0,443.6
16404.0,443.05
18222.0,443.0
14093.0,442.85
16163.0,441.59999999999997
15877.0,440.78
17579.0,440.2
18233.0,440.0
14022.0,440.0
15524.0,440.0
16025.0,439.65999999999997
16968.0,439.43
13358.0,439.03
14513.0,438.49
15468.0,438.46
15881.0,438.24
14272.0,437.96
12552.0,437.82
16034.0,437.7
12592.0,437.6
15553.0,437.23
16084.0,436.18
15551.0,436.06
16948.0,435.02
16236.0,432.2
16881.0,432.0
13338.0,431.82
13359.0,431.26
15976.0,430.94
13066.0,430.9
18106.0,430.7
13245.0,430.5
12795.0,430.48
12827.0,430.15000000000003
14998.0,429.87
16884.0,429.84000000000003
15450.0,429.84
15230.0,429.6
13602.0,428.89
15957.0,428.89
16324.0,428.68
12452.0,428.57
17869.0,428.18
15360.0,427.93
12725.0,427.8
12740.0,427.6
15994.0,427.07
13171.0,426.81
17223.0,426.79
15930.0,426.63
15406.0,426.61
15639.0,425.32
16780.0,425.19
15646.0,425.14000000000004
17134.0,425.0
17371.0,423.89
13140.0,423.72
16119.0,423.36
15012.0,423.04
18034.0,422.88
17525.0,422.70000000000005
18240.0,422.58
16233.0,422.13
17232.0,421.52
14757.0,420.5
15206.0,420.29999999999995
14124.0,419.58000000000004
15361.0,418.92
15967.0,418.83
12593.0,418.09999999999997
17701.0,417.95
15433.0,417.87
16629.0,417.73
16737.0,417.59999999999997
13473.0,417.54
12833.0,417.38
18001.0,417.23
16816.0,417.06
13889.0,416.90000000000003
15935.0,416.86
12493.0,416.79
16957.0,416.64
15803.0,415.82000000000005
14139.0,415.82
12580.0,415.7
15725.0,415.25
16795.0,414.88
12993.0,414.76
13166.0,414.7
17483.0,414.04
14288.0,413.85
17052.0,413.75
13974.0,413.59000000000003
16834.0,413.46
12802.0,412.58
13827.0,412.05
15523.0,412.01000000000005
16272.0,411.7
17913.0,411.6
14670.0,411.53
15186.0,411.41
12579.0,410.72
15099.0,410.48
15695.0,409.98
12930.0,409.9
12403.0,409.7
14348.0,409.57
12990.0,409.5
15225.0,409.40000000000003
16243.0,409.1
16018.0,408.90000000000003
15269.0,408.8
16399.0,408.57
17931.0,408.36
16010.0,407.5
15184.0,406.76
15127.0,406.53
16947.0,406.48
14616.0,406.08000000000004
16204.0,405.71
18036.0,405.62
12922.0,405.38
17379.0,404.66
15938.0,404.58
16319.0,404.40000000000003
12498.0,403.70000000000005
17431.0,403.3
12386.0,401.9
15158.0,401.40000000000003
16500.0,400.86
16198.0,400.68100000000004
12792.0,400.53999999999996
14157.0,400.43
13615.0,399.99
15809.0,399.21
18154.0,399.19
15522.0,398.84
17830.0,398.7
12508.0,398.27
14431.0,397.76
17926.0,397.29
12824.0,397.12
13594.0,396.97
13673.0,396.92
17486.0,396.87
15883.0,396.48
18067.0,396.33
16354.0,395.8
18164.0,394.7
16207.0,394.38
15386.0,394.14
15264.0,393.74
17226.0,393.49
14600.0,393.33000000000004
14620.0,393.28000000000003
15837.0,391.98
15342.0,391.76
16917.0,391.52
13255.0,390.66
17614.0,390.07
14910.0,389.86
17936.0,389.84
14752.0,389.64
16250.0,389.44
13352.0,389.28
15847.0,389.27
12690.0,389.01
17595.0,388.79
15592.0,388.58
13899.0,388.52
17035.0,388.33
16776.0,388.28
14538.0,388.25
17357.0,388.14
17817.0,387.68
17508.0,387.31
14114.0,386.53
14779.0,386.15
14420.0,385.87
13821.0,385.64
17711.0,385.1
13833.0,384.8
17250.0,384.52
17189.0,384.40000000000003
17205.0,384.08
16982.0,384.06
12733.0,383.95
12515.0,383.7
15440.0,383.68
14460.0,383.34
15424.0,383.34
12832.0,383.03
13817.0,382.98
18181.0,382.8
13657.0,382.14
17999.0,382.06
13873.0,381.7
15090.0,381.32
16441.0,381.2
12871.0,380.64
15048.0,380.57
16930.0,380.55
17138.0,380.5
12890.0,380.46999999999997
16769.0,380.39
17031.0,380.35
14731.0,380.02
17239.0,379.95
14594.0,379.83
16552.0,379.73
13656.0,379.65
13589.0,379.65
14619.0,379.51
17878.0,379.45
16484.0,379.4
15885.0,379.35
13372.0,378.64
13954.0,378.59
17438.0,378.3
17078.0,378.2
13345.0,377.6
12982.0,377.2
15025.0,377.01
17489.0,376.64
14448.0,375.35
14048.0,375.13
14079.0,375.1
16147.0,375.0
14067.0,374.7
17492.0,374.57
12873.0,374.0
13351.0,373.94
13569.0,373.75
16903.0,373.24
16239.0,372.9
17375.0,372.5
12981.0,372.21999999999997
16065.0,372.09
17765.0,371.88
15472.0,371.56
15975.0,371.01
15063.0,370.79999999999995
16343.0,370.47999999999996
16758.0,369.34000000000003
14888.0,369.2
16372.0,367.93
15345.0,367.69
17911.0,366.23
17358.0,365.85
17432.0,365.76
13300.0,365.29
16202.0,365.27
15429.0,364.90000000000003
14886.0,364.8
15949.0,364.72
12373.0,364.6
15343.0,364.5
14528.0,364.21999999999997
16909.0,364.14
12538.0,363.95
17330.0,363.9
15901.0,363.88
14171.0,363.79
16509.0,363.7
18056.0,363.65
16485.0,363.65
12915.0,363.65
15922.0,363.6
14932.0,363.53
13856.0,363.4
14427.0,363.34000000000003
16378.0,362.95
17573.0,362.9
16052.0,362.06
13844.0,361.62
13936.0,361.28
14950.0,361.25
16305.0,361.21999999999997
13291.0,361.11
15872.0,360.93
16595.0,360.16
13780.0,360.01
13298.0,360.0
15664.0,358.63
14690.0,358.61
17948.0,358.56000000000006
16823.0,358.38
13228.0,358.0
13976.0,357.98
16274.0,357.95
17025.0,357.77
18040.0,357.20000000000005
13453.0,356.97999999999996
14500.0,356.85
15247.0,356.0
12544.0,355.7
14537.0,355.56
12617.0,355.53
17742.0,355.11
13642.0,354.8
17222.0,354.15
15870.0,354.09000000000003
12845.0,354.09
17252.0,353.86
12715.0,353.86
13173.0,353.65
13210.0,353.48
14804.0,353.27
17976.0,353.19
15678.0,352.7
18112.0,352.69
15334.0,351.67
14333.0,351.45
15789.0,351.3
13923.0,351.13
15900.0,351.11
13332.0,350.9
13740.0,350.75
17835.0,350.64
17795.0,350.39
13919.0,350.15999999999997
13108.0,350.06
12532.0,349.83000000000004
13670.0,349.7
13887.0,349.55
15405.0,349.1
13927.0,348.99
13790.0,348.8
18127.0,348.73
12527.0,348.71000000000004
15579.0,348.6
16159.0,348.2
13052.0,348.15000000000003
14379.0,348.1
18155.0,347.82
17668.0,347.75
12895.0,347.3
13587.0,347.0
13062.0,346.98
15713.0,346.75
12566.0,346.7
13649.0,346.6
16423.0,346.12
16858.0,345.89000000000004
15840.0,345.66
17123.0,345.29999999999995
13774.0,345.0
14633.0,344.90000000000003
16978.0,344.33
17569.0,344.14
13068.0,344.0
15120.0,343.82
15047.0,343.62
15520.0,343.5
18081.0,343.45
12875.0,343.2300000000001
14320.0,343.11
18250.0,342.92
17201.0,342.63
16851.0,342.45
16826.0,341.7
13347.0,341.36
17917.0,341.28
14491.0,340.93
12519.0,340.84
15115.0,340.11
13737.0,339.59999999999997
17045.0,339.44
16545.0,339.3
17697.0,338.95
17839.0,338.8
16183.0,338.71000000000004
15652.0,337.74
17736.0,337.49
15942.0,337.44
13930.0,337.34
17973.0,337.04
16105.0,336.96
17914.0,336.43
15619.0,336.40000000000003
17384.0,336.4
14954.0,336.17
18078.0,336.13
15921.0,336.03000000000003
14196.0,335.52
16063.0,335.32
17221.0,335.13
12489.0,334.93
14988.0,334.54
15466.0,334.53
12350.0,334.4
15918.0,334.23
13216.0,333.74
15781.0,333.56
13727.0,333.48
16625.0,333.08
13904.0,332.64
16850.0,332.41
16803.0,332.3
16177.0,331.95
16030.0,331.24
15210.0,331.18
16478.0,331.0
12891.0,331.0
17862.0,330.9
15714.0,330.88
13706.0,330.79
14517.0,330.45
15130.0,330.11
16593.0,330.03
12953.0,329.85
14716.0,329.68
17615.0,329.6
13239.0,329.56
17154.0,329.34
15153.0,329.25
14012.0,328.8
16855.0,328.4
16318.0,328.15
15314.0,327.97
14024.0,327.7
16366.0,327.3
14870.0,327.25
16322.0,326.75
14987.0,326.4
17715.0,326.4
16071.0,326.24
12844.0,325.96000000000004
16830.0,325.91
17866.0,325.7
15944.0,325.1
15213.0,325.05
12790.0,324.92
13801.0,324.8
16685.0,324.24
18261.0,324.24
14555.0,324.14
15675.0,323.69
18276.0,323.36
17793.0,323.04
13955.0,322.96
16627.0,322.8
16342.0,322.41
14424.0,322.08
14484.0,321.92
14823.0,321.43
13497.0,321.05
15236.0,321.05
18117.0,320.72
12365.0,320.69
16096.0,320.62
14622.0,320.58000000000004
13986.0,320.46
13091.0,319.82
16716.0,319.8000000000001
16674.0,319.61
14264.0,319.47
16499.0,319.1
16967.0,319.02
17229.0,318.76
17248.0,318.65
14703.0,318.17
15363.0,318.05
12648.0,318.05
18066.0,318.0
17267.0,317.62
16386.0,317.2
15385.0,316.88
15243.0,316.68
16761.0,316.62
15204.0,316.58
17458.0,316.5
13494.0,316.26000000000005
14479.0,316.25
15597.0,315.71999999999997
12614.0,315.6
15766.0,315.06
16091.0,315.06
16473.0,314.86
17237.0,314.69
16193.0,314.45
12650.0,314.44
14902.0,314.11
15970.0,314.1
13484.0,313.8
12888.0,313.77
16582.0,313.62
14729.0,313.49
15880.0,313.28000000000003
17172.0,313.26
13845.0,312.98
15318.0,312.62
16739.0,312.55
12834.0,312.38
17362.0,312.23
17070.0,312.14
16450.0,311.92
14142.0,311.81
15326.0,311.71
14951.0,311.69
14327.0,311.65
13990.0,311.3
17854.0,311.26
13897.0,311.16
17266.0,310.64
15185.0,310.62
15224.0,310.48
14924.0,310.05
15101.0,310.03
15661.0,309.8
15699.0,309.65
14847.0,309.4
17604.0,309.36
12884.0,309.05
13787.0,309.04
15010.0,308.94
13699.0,308.58000000000004
17510.0,308.48
16227.0,308.32000000000005
14206.0,308.26
16123.0,307.78
13529.0,307.76
13395.0,307.72
13060.0,307.53
17120.0,307.46
13932.0,307.4
13142.0,307.09
15087.0,306.94
17551.0,306.84
16668.0,306.71999999999997
17334.0,306.6
13718.0,306.55
17157.0,306.55
15659.0,306.45
17176.0,306.13
15219.0,305.75
12785.0,305.71
16796.0,305.62
16181.0,305.54
13045.0,305.28000000000003
12623.0,305.1
13667.0,305.02
17941.0,304.56
15163.0,304.47
18185.0,304.25
17732.0,303.97
13343.0,303.93
16400.0,303.93
13083.0,303.75
16689.0,303.26
17433.0,303.15999999999997
15060.0,303.09
16425.0,302.7
14248.0,302.58
18165.0,302.46000000000004
16104.0,302.36
15308.0,302.27
15054.0,302.1
16715.0,301.71999999999997
15667.0,301.32
15148.0,301.29
15623.0,301.03
17978.0,300.91999999999996
16430.0,300.85
16479.0,300.83
14762.0,300.52
13304.0,300.42
15254.0,300.36
12852.0,299.75
16402.0,299.6
13863.0,299.56
18215.0,299.34000000000003
17124.0,298.89
17255.0,298.41
17824.0,298.4
17678.0,298.11
12881.0,298.0
13466.0,297.95
18220.0,297.78000000000003
18053.0,297.07
15857.0,297.0
13708.0,296.88
14985.0,296.75
18059.0,296.71
13441.0,296.64
13751.0,296.25
13504.0,295.93
17912.0,295.61
16781.0,294.65
13573.0,294.4
14747.0,294.3
17506.0,294.29
15732.0,294.12
17531.0,293.45
17163.0,293.1
15545.0,292.71999999999997
16721.0,292.47
16956.0,292.34
13259.0,292.32
13502.0,292.0
13449.0,291.88
13745.0,291.54
13544.0,291.41
14656.0,291.05
13479.0,291.0
14947.0,290.82
17691.0,290.40000000000003
16526.0,290.36
17081.0,290.16
14784.0,289.99
17464.0,289.96000000000004
14339.0,289.90999999999997
14953.0,289.82
14162.0,289.36
16125.0,289.35
14549.0,289.24
17501.0,288.6
16808.0,288.42
15396.0,288.18
17977.0,288.14
17760.0,287.59
16432.0,287.4
16998.0,287.02000000000004
13760.0,286.79
16555.0,285.89
14660.0,285.74
17080.0,285.5
16429.0,284.55
13439.0,283.71
17783.0,283.47
17251.0,283.28000000000003
17694.0,283.12
13754.0,282.59999999999997
13177.0,282.45
17247.0,282.19
16557.0,281.85
17403.0,281.62
16848.0,281.42
16292.0,280.9
14242.0,280.55
13606.0,280.53999999999996
16149.0,280.52
14975.0,279.94
15556.0,279.77
14480.0,279.05
17786.0,278.74
14850.0,278.15
14908.0,277.8
15279.0,277.40999999999997
17968.0,277.35
13803.0,277.07
15355.0,277.05
16883.0,276.73
13272.0,276.56
14508.0,276.42
12750.0,275.88
16810.0,275.64
16297.0,275.4
14512.0,275.28
12703.0,274.7
18190.0,274.51
16313.0,274.15000000000003
16727.0,272.82
17254.0,272.44
13085.0,272.38
17498.0,272.22
14819.0,272.07
13917.0,272.04
14816.0,271.85
13058.0,271.40000000000003
13837.0,271.24
17767.0,271.2
17496.0,271.05
17011.0,270.9
16648.0,270.85999999999996
15774.0,270.8
13533.0,270.79
14520.0,270.6
13242.0,270.40000000000003
17094.0,270.20000000000005
15609.0,270.03000000000003
14727.0,268.58
15408.0,267.18
17550.0,267.16
15320.0,267.13
17708.0,267.08
15517.0,267.03
16451.0,266.97
14863.0,266.76
15119.0,266.4
12962.0,266.39
15019.0,266.0
17636.0,265.93
14068.0,265.85
17430.0,265.76
14423.0,265.2
13973.0,264.7
18108.0,264.65
15912.0,264.62
14452.0,264.44
13369.0,263.75
15894.0,263.55
12492.0,263.21000000000004
16936.0,262.68
17194.0,262.62
16413.0,262.2
17385.0,261.11
13189.0,260.68
14053.0,260.25
15014.0,260.17
15143.0,259.45
14149.0,259.43
16217.0,259.39000000000004
17125.0,259.35
13127.0,259.17
16447.0,259.01
15577.0,258.88
14915.0,258.83
14350.0,258.7
13277.0,258.4
13227.0,257.7
14375.0,257.68
13626.0,257.23
12430.0,256.4
13806.0,256.38
17896.0,256.32
14761.0,255.9
15277.0,255.89999999999998
14881.0,255.4
16226.0,255.12
15261.0,254.82
13121.0,254.73
12604.0,254.18
14765.0,254.11
15689.0,254.1
12829.0,253.05
15759.0,253.04
17860.0,252.8
15035.0,252.73000000000002
13404.0,252.49
15346.0,252.42000000000002
18009.0,252.24
13645.0,252.1
13711.0,252.06
16836.0,251.87
17155.0,251.70000000000002
16976.0,251.51999999999998
16024.0,251.24
13512.0,251.21
14764.0,250.55
13207.0,250.26000000000002
16596.0,250.15
17303.0,250.04
15510.0,250.0
17456.0,249.86
17190.0,249.74
18005.0,249.72
17111.0,248.61
13061.0,248.61
18212.0,248.42
16510.0,248.1
15097.0,248.08
13592.0,247.95999999999998
15107.0,247.66
13349.0,247.32
14658.0,247.15
17051.0,247.14000000000001
15783.0,246.3
17278.0,246.04
12908.0,246.0
16778.0,245.94
17771.0,245.81
12660.0,245.1
15118.0,244.8
16601.0,244.79999999999998
16528.0,244.41
17892.0,244.1
17925.0,244.08
13103.0,243.94
16793.0,243.84
16048.0,243.69000000000003
13886.0,243.56
15634.0,243.55
17339.0,243.36
17908.0,243.28
14647.0,243.22
16215.0,242.35
16330.0,242.21
15776.0,241.62
14523.0,241.09
16427.0,241.06
15286.0,240.55
15154.0,240.27
13565.0,240.22
17256.0,240.0
17181.0,239.92000000000002
15690.0,239.76
13570.0,239.49
17684.0,239.41
16756.0,239.4
18270.0,238.95000000000002
15850.0,238.85
12561.0,238.85
12718.0,238.25
17877.0,237.61
15457.0,237.07
18024.0,236.77999999999997
12732.0,236.26000000000002
16026.0,236.09
13187.0,236.02
15598.0,235.68
15462.0,234.6
14473.0,234.34000000000003
17060.0,234.24
16961.0,234.17
12736.0,234.0
15483.0,233.81
13348.0,233.76
16583.0,233.45
14995.0,233.23000000000002
13678.0,232.6
18213.0,232.48000000000002
16117.0,232.21
16971.0,232.20999999999998
15257.0,232.14999999999998
15393.0,231.86
16641.0,231.10000000000002
16321.0,230.70000000000002
15866.0,230.53
16445.0,230.51
13786.0,230.39999999999998
16926.0,230.25
13960.0,230.22
14311.0,229.71
12812.0,229.64000000000001
13474.0,229.59
15528.0,229.33
17347.0,228.96
13146.0,228.91
13712.0,228.84
13070.0,228.8
17969.0,228.2
16527.0,228.06
14569.0,227.39
17212.0,226.85
17572.0,226.75000000000003
16315.0,226.37
16777.0,226.35
17789.0,225.9
12672.0,225.89999999999998
14624.0,225.85
14357.0,225.77
12402.0,225.6
14052.0,225.36
16587.0,225.15
17171.0,224.91
15175.0,224.14
16471.0,223.95000000000002
16753.0,223.92000000000002
14929.0,223.88
13926.0,223.85000000000002
18101.0,223.65
15637.0,223.36
17534.0,223.36
13382.0,222.99
15897.0,222.05
14598.0,221.97
14960.0,221.27
16392.0,221.19
13419.0,221.06
15790.0,220.85
18030.0,220.7
16482.0,220.62
13079.0,220.10000000000002
18114.0,220.1
13600.0,219.52
15096.0,219.39000000000001
16895.0,219.14
12702.0,219.0
14205.0,218.78
13669.0,218.55
17619.0,218.52
13428.0,218.47
12574.0,218.45
14570.0,218.06
16634.0,217.9
15554.0,217.2
13739.0,216.9
13503.0,216.85
15460.0,216.76
12897.0,216.5
15604.0,216.39
17436.0,216.29999999999998
14104.0,216.20999999999998
13858.0,216.17
16179.0,215.83
15052.0,215.78
17580.0,215.72
14476.0,215.7
16189.0,215.48
16190.0,215.08
16519.0,215.07999999999998
12831.0,215.05
12588.0,214.89999999999998
16338.0,214.79999999999998
16411.0,214.65
16846.0,214.32
14793.0,214.14
16647.0,214.06
14601.0,213.96
13621.0,213.85
17153.0,213.78
14241.0,213.70000000000002
13411.0,213.55
16591.0,213.5
15540.0,213.3
14984.0,213.27
16897.0,213.03
18193.0,212.96
16302.0,212.82
17928.0,212.54
15724.0,212.3
16017.0,211.88
15703.0,211.5
16415.0,210.35
16356.0,210.32000000000002
13532.0,210.31
13828.0,209.49
17855.0,208.97
15327.0,208.75
17514.0,208.65
16690.0,208.63
16914.0,208.46
16457.0,208.36
18191.0,207.79999999999998
12547.0,207.79999999999998
16866.0,207.73999999999998
17923.0,207.50000000000003
16323.0,207.50000000000003
16752.0,207.5
13099.0,207.35999999999999
15925.0,207.15
15820.0,206.98
18126.0,206.82999999999998
14964.0,206.21
18110.0,206.05
13065.0,205.86
17670.0,205.7
17843.0,205.48
15307.0,205.3
15758.0,205.25
13513.0,205.1
15319.0,204.5
16619.0,204.41
17206.0,204.24
18273.0,204.0
13017.0,204.0
17187.0,203.95
17889.0,203.87
17394.0,203.86999999999998
17891.0,203.85999999999999
17376.0,203.2
15723.0,203.1
14381.0,202.68
18169.0,202.65
14385.0,202.11
15347.0,201.60000000000002
16965.0,201.19
13859.0,201.16
12995.0,200.72
13262.0,200.29
15437.0,200.16
13980.0,200.14
14782.0,200.10000000000002
13723.0,199.85000000000002
15593.0,199.8
13322.0,199.48000000000002
17383.0,199.29
16832.0,199.15
17987.0,198.57
13295.0,197.95000000000002
16178.0,197.9
12450.0,197.88
12581.0,197.71
14185.0,197.65
14789.0,197.64
17301.0,197.63
16829.0,197.22
14830.0,197.13
14304.0,197.1
15234.0,197.0
13436.0,196.89
13978.0,196.79000000000002
13284.0,196.15
17660.0,196.0
16112.0,195.73999999999998
13792.0,195.55
14666.0,195.25
15612.0,195.15
14100.0,194.9
16887.0,194.88
17475.0,194.37
12797.0,194.18
15683.0,193.75
17343.0,193.64
15198.0,193.64
16847.0,193.44
17608.0,193.42
14806.0,193.39000000000001
14801.0,193.14
13568.0,192.85
12522.0,192.72
12791.0,192.60000000000002
15909.0,191.94
14966.0,191.32
17988.0,191.17000000000002
15692.0,191.04
17233.0,190.88
13033.0,190.55
15412.0,190.53
14501.0,190.31
13972.0,190.25
17885.0,190.19
12361.0,189.9
17166.0,189.49
13663.0,189.47
18045.0,189.4
16448.0,188.89000000000001
14697.0,188.60999999999999
12893.0,188.14
17781.0,188.02
14722.0,187.92000000000002
17279.0,187.82999999999998
16900.0,187.6900000000001
18013.0,187.29
16124.0,187.15
17693.0,187.02
14551.0,186.23
15567.0,186.01
12641.0,185.9
17574.0,185.65
17010.0,185.46
14199.0,185.39999999999998
16097.0,185.04999999999998
13482.0,184.64
17680.0,184.4
16433.0,184.26
15124.0,184.19
16680.0,183.7
14059.0,183.6
13460.0,183.44
13059.0,183.4
15746.0,182.96
17772.0,182.77
14082.0,182.25
14087.0,181.67
18119.0,181.12
15886.0,181.09
16594.0,181.09
15945.0,181.0
15292.0,180.94
16835.0,180.85
18280.0,180.60000000000002
13710.0,180.48
15041.0,180.35
12622.0,180.1
12586.0,179.94000000000003
18147.0,179.33999999999997
15895.0,179.17
15454.0,179.1
16990.0,179.0
14705.0,179.0
16620.0,178.96
15139.0,178.96
15262.0,178.95000000000002
17904.0,178.92
13778.0,178.7
17879.0,178.51999999999998
13008.0,178.46999999999997
17253.0,178.26
13271.0,178.26
17356.0,178.22
13618.0,177.34
12618.0,177.31
13072.0,177.15
17440.0,177.1
12923.0,176.97
17947.0,176.68
16080.0,176.6
18282.0,176.6
12509.0,176.5
17582.0,175.27
17331.0,175.2
16144.0,175.2
18010.0,174.8
13826.0,174.65
14355.0,174.4
14518.0,174.37
13560.0,174.37
15335.0,173.97
18278.0,173.9
14798.0,173.74
16565.0,173.7
12441.0,173.55
15565.0,173.16
15670.0,173.05
14693.0,172.9
18048.0,172.29000000000002
13922.0,172.25
13690.0,172.25
12442.0,172.06
14536.0,171.8
16773.0,171.59
17245.0,171.45
15432.0,171.19
17542.0,170.75
18058.0,170.16
15016.0,170.04
16921.0,169.79
13962.0,169.55
14218.0,169.48000000000002
18004.0,169.47
12367.0,168.9
14578.0,168.63
14860.0,168.62
17367.0,168.4
18099.0,168.31
16282.0,168.3
17737.0,168.24
15986.0,168.12
12551.0,168.0
15374.0,168.0
18088.0,167.67000000000002
17561.0,167.62
16952.0,167.61
15920.0,167.5
13598.0,167.42000000000002
16405.0,167.25
14326.0,166.85
18014.0,166.42
17650.0,166.08
12817.0,166.04
14485.0,165.75
14552.0,165.07
18042.0,165.04999999999998
13470.0,165.0
15316.0,165.0
15904.0,164.68
17535.0,164.4
13603.0,164.34
12920.0,164.23
18200.0,163.8
14354.0,163.62
17110.0,163.29999999999998
13223.0,163.20000000000002
16406.0,163.07
15167.0,163.0
16517.0,162.7
15733.0,162.3
15325.0,162.29
16932.0,161.94
17600.0,161.67000000000002
15458.0,161.64
16113.0,161.38
14362.0,161.2
16403.0,161.04999999999998
14204.0,161.03
14237.0,161.0
14089.0,161.0
13229.0,160.95
15852.0,160.71
17344.0,160.57
12573.0,160.54000000000002
18203.0,160.42000000000002
18146.0,160.35000000000002
14714.0,160.19
12966.0,160.18
16213.0,159.0
18224.0,158.95000000000002
13937.0,158.85
17165.0,158.68
15160.0,158.16
15348.0,158.04
15988.0,158.03
17556.0,157.9
14799.0,157.7
14148.0,157.2
17128.0,157.09
14585.0,157.05
17118.0,157.02
15007.0,156.91
14406.0,156.75
15438.0,156.57999999999998
15263.0,156.51
13898.0,155.93
17871.0,155.9
17899.0,155.8
14813.0,155.43
17832.0,155.37
12738.0,155.35
16720.0,155.24
15447.0,155.17
13809.0,155.05
14368.0,155.0
14046.0,154.99
17698.0,154.95
15740.0,154.88
17026.0,154.82999999999998
14295.0,154.70000000000002
15226.0,154.41
17517.0,153.94
17286.0,153.92
16351.0,153.9
12602.0,153.12
17714.0,153.0
16248.0,152.94
17984.0,152.68
18138.0,152.65
14066.0,152.55
17707.0,152.4
13514.0,152.20000000000002
14039.0,152.2
17898.0,152.06
16617.0,151.85
16412.0,151.83
14208.0,151.74
16861.0,151.65
16461.0,151.42
13697.0,151.29999999999998
14287.0,151.23000000000002
16337.0,151.05
15717.0,150.3
17234.0,149.89000000000001
15869.0,149.64
17946.0,149.57999999999998
18262.0,149.48
15748.0,149.31
15435.0,149.29
13003.0,149.05
17549.0,148.86
15526.0,148.44
17859.0,148.21
14968.0,147.59
14098.0,147.35
14037.0,147.20000000000002
12864.0,147.12
15503.0,147.09
17030.0,146.87
14238.0,146.85
16893.0,145.93
17935.0,145.79
13866.0,145.67000000000002
15937.0,145.35
17524.0,145.0
16852.0,144.91000000000003
12974.0,144.8
12587.0,144.0
17186.0,144.0
13462.0,143.25
15705.0,143.1
16287.0,142.5
13299.0,142.5
14386.0,142.4
13584.0,142.4
13561.0,141.85999999999999
14041.0,141.41
15888.0,141.27
16598.0,140.7
15388.0,140.54
13420.0,140.35
13483.0,140.34
14494.0,139.56
14073.0,139.54
14768.0,139.5
16483.0,139.35
17718.0,139.35
14772.0,139.26
18209.0,139.10000000000002
13273.0,138.98
18269.0,138.9
12902.0,138.68
14581.0,138.6
17122.0,138.32
13716.0,138.28
15663.0,138.14
12512.0,138.03
16050.0,137.9
17709.0,137.45
17468.0,137.0
15691.0,136.8
14247.0,136.76999999999998
17972.0,136.04
12968.0,135.95
15042.0,135.93
14889.0,135.9
15419.0,135.86
16114.0,135.75000000000003
15174.0,135.75
16665.0,135.39999999999998
15276.0,135.31
12851.0,135.18
16055.0,134.8
14340.0,134.7
15562.0,134.55
14174.0,134.46
14586.0,134.16
12837.0,134.1
14280.0,134.04
13217.0,133.62
14349.0,133.5
12445.0,133.4
17881.0,133.35000000000002
15709.0,133.25
17647.0,133.06
17785.0,131.94
14438.0,131.9
17297.0,131.78
17455.0,131.7
14795.0,131.45000000000002
12565.0,131.17
15844.0,130.73999999999998
16679.0,129.75
16623.0,129.45
14483.0,129.2
16828.0,128.5
17359.0,127.86
15543.0,127.86
13781.0,127.84
15135.0,127.15
15578.0,127.1
15923.0,127.08
14962.0,126.7
13279.0,126.30000000000001
16414.0,126.25
15463.0,126.14
16988.0,126.12
12814.0,125.92
13522.0,125.80000000000001
14861.0,125.79
14890.0,125.65
15017.0,125.58
12531.0,125.22
17148.0,124.88
17578.0,124.74
16849.0,124.57
16569.0,124.2
14495.0,123.8
16658.0,123.24
15917.0,123.1
17967.0,123.07
14413.0,122.7
13876.0,122.7
13638.0,122.64
14165.0,122.53999999999999
14076.0,122.47
18018.0,122.14
13244.0,121.74000000000001
13182.0,121.18
15049.0,121.17000000000002
15512.0,121.0
16611.0,120.99000000000001
13002.0,120.94999999999999
17446.0,120.9
18015.0,120.03
14314.0,120.0
14259.0,120.0
14453.0,119.93
16542.0,119.62
15266.0,119.3
16666.0,118.98
15843.0,118.95000000000002
17079.0,118.80000000000001
14155.0,118.75
13581.0,118.0
13193.0,117.88
17654.0,117.55
15836.0,117.47
16959.0,117.35000000000001
13877.0,117.24
17117.0,116.19999999999999
13170.0,116.00999999999999
17601.0,116.00999999999999
14143.0,115.8
15350.0,115.65
13067.0,115.46000000000001
18027.0,115.31
14972.0,114.77
13188.0,114.60000000000001
16247.0,114.56
14632.0,114.56
14974.0,114.39
17852.0,114.34
17219.0,114.23
14652.0,114.18
12938.0,114.14
14582.0,114.11
15221.0,114.1
12651.0,114.0
12504.0,114.0
14457.0,113.64
17217.0,113.5
15445.0,113.5
18105.0,113.48000000000002
16913.0,113.44
15280.0,113.12
14689.0,112.8
16697.0,112.75
13161.0,112.75
13807.0,112.6
18129.0,112.55000000000001
15610.0,112.46000000000001
17038.0,112.4
14271.0,112.32
17893.0,112.25
12756.0,112.07999999999998
17274.0,111.97999999999999
17957.0,111.68
17887.0,111.35
18120.0,111.15
13508.0,110.97
13144.0,110.95
15537.0,110.92
13519.0,110.80000000000001
15853.0,110.8
17349.0,110.75
16963.0,110.55000000000001
14641.0,110.46
12734.0,110.39999999999999
16792.0,110.38000000000001
17901.0,110.38
17836.0,110.21000000000001
16339.0,109.95
13133.0,109.8
16363.0,109.36000000000001
14699.0,109.13000000000001
14345.0,108.97999999999999
17639.0,108.5
16106.0,108.38
13226.0,108.21000000000001
12956.0,108.07
14661.0,107.95
16784.0,107.6
15395.0,107.45
16757.0,106.83000000000001
15168.0,106.56
15070.0,106.2
17791.0,106.1
12929.0,105.1
15775.0,104.9
14027.0,104.82
15607.0,104.76
15958.0,104.35
18174.0,104.0
18255.0,103.3
14542.0,103.25
17962.0,102.83
18011.0,102.78999999999999
14836.0,102.44999999999999
14981.0,102.12
13948.0,102.0
16462.0,102.0
18068.0,101.69999999999999
16516.0,101.69999999999999
17643.0,101.55
16006.0,101.4
18086.0,101.34
13101.0,101.19
13235.0,101.17000000000007
16344.0,101.10000000000001
14946.0,100.9
17427.0,100.8
14371.0,100.5
15973.0,99.77000000000002
13703.0,99.5
17939.0,99.14
17746.0,98.8
15256.0,98.45
17538.0,98.42
17895.0,98.0
18033.0,97.97
15422.0,97.7
18277.0,97.63
12984.0,97.5
17325.0,96.8
15216.0,96.6
14642.0,96.12
17024.0,95.85
18249.0,95.34
12548.0,95.19999999999999
16387.0,94.36
16073.0,94.35
13651.0,94.2
15397.0,94.0
15428.0,93.78
18227.0,93.75
13283.0,93.66
17991.0,93.35
12821.0,92.72
14054.0,92.46
12789.0,91.85
13551.0,91.80000000000001
13160.0,91.8
12659.0,91.68
15488.0,91.32000000000001
14353.0,90.6
13947.0,90.6
16506.0,90.30000000000001
15552.0,90.12
16597.0,90.04
14117.0,90.0
14219.0,89.94
12686.0,89.14
14436.0,89.06
12353.0,89.0
15212.0,88.94999999999999
15083.0,88.2
18084.0,87.52999999999999
15180.0,87.5
13296.0,87.4
16498.0,86.12
15541.0,85.13000000000001
13841.0,85.0
13666.0,84.65
12401.0,84.3
17309.0,82.75
16424.0,82.56
13006.0,81.57
17620.0,81.44
18281.0,80.82
16789.0,80.8
13967.0,80.7
17752.0,80.64
14109.0,80.2
13747.0,79.6
16078.0,79.2
15753.0,79.2
17942.0,77.50000000000001
14785.0,77.4
13132.0,77.3
13992.0,76.8
14373.0,76.55
17536.0,76.5
15668.0,76.32000000000001
18113.0,76.32000000000001
16148.0,76.32000000000001
14090.0,76.32000000000001
17995.0,76.1
17628.0,75.75
16610.0,75.66
13403.0,75.0
16468.0,74.9
18050.0,74.4
13095.0,74.39999999999999
17960.0,73.78
12506.0,73.5
18032.0,73.5
16171.0,73.2
17906.0,72.9
13686.0,72.0
13938.0,71.66
13185.0,71.4
17022.0,71.0
16581.0,70.44
18037.0,70.02
15863.0,68.84
14393.0,67.95
17382.0,65.4
17747.0,64.65
13684.0,64.23
13130.0,64.0
13302.0,63.75
17263.0,63.440000000000005
14840.0,62.85
13218.0,62.63999999999999
15516.0,62.43
15729.0,62.0
12665.0,61.75
13194.0,60.7
17174.0,59.9
13391.0,59.8
13682.0,59.5
13106.0,59.5
14957.0,58.49
13080.0,58.08
17775.0,56.4
15899.0,56.25
13366.0,56.160000000000004
14760.0,53.8
16349.0,53.5
15504.0,52.83
14865.0,52.2
14682.0,52.0
15313.0,52.0
17844.0,51.559999999999995
14351.0,51.0
13011.0,50.550000000000004
18184.0,49.8
14821.0,48.800000000000004
15603.0,48.480000000000004
16257.0,46.95
14080.0,45.599999999999994
15423.0,43.5
14300.0,43.2
15992.0,41.989999999999995
13832.0,40.949999999999996
15178.0,40.5
14589.0,39.75
12977.0,39.239999999999995
16659.0,39.12
18019.0,38.45
12855.0,38.1
16162.0,37.4
17816.0,36.56
14576.0,35.400000000000006
17831.0,35.400000000000006
16856.0,35.400000000000006
15744.0,34.8
16765.0,34.0
17408.0,32.65
15940.0,31.799999999999997
13120.0,30.599999999999998
15657.0,30.0
17102.0,25.5
16953.0,20.8
17986.0,20.8
16093.0,17.0
17763.0,15.0
17900.0,15.0
13307.0,15.0
17956.0,12.75
16738.0,3.75
16446.0,2.8999999999941792
12454.0,5.684341886080802e-14
12558.0,1.0658141036401503e-14
12607.0,3.552713678800501e-15
13762.0,3.552713678800501e-15
18274.0,1.7763568394002505e-15
14557.0,0.0
12346.0,0.0
18268.0,0.0
16742.0,0.0
13256.0,0.0
14792.0,0.0
16878.0,0.0
13364.0,0.0
18072.0,-5.329070518200751e-15
16995.0,-1.25
14679.0,-2.55
16428.0,-2.95
12943.0,-3.75
12505.0,-4.5
12605.0,-7.5
16138.0,-7.95
16454.0,-8.15
17547.0,-11.8
12870.0,-14.899999999999999
14777.0,-17.45
14119.0,-19.9
14627.0,-21.85
17820.0,-24.05
16061.0,-29.95
15590.0,-30.19
16579.0,-30.599999999999998
16262.0,-31.65
13693.0,-32.0
18141.0,-35.400000000000006
14437.0,-43.400000000000006
18256.0,-50.1
13672.0,-71.46
15638.0,-94.0
16546.0,-95.93
13829.0,-102.0
13958.0,-102.45
17065.0,-112.35
15728.0,-134.8
17548.0,-141.48
17307.0,-152.64000000000001
12666.0,-227.44
16252.0,-295.09
15802.0,-451.42
13154.0,-611.86
15823.0,-840.76
12503.0,-1126.0
17603.0,-1165.3
14213.0,-1192.2
15369.0,-1592.49
17448.0,-4287.63
